Year,DonorName,RecipientName,ha_rank,ha_oda,total_oda
2018,Asian Development Bank,Afghanistan,12,0,221.06942
2018,International Development Association,Afghanistan,12,29.313734,242.834855
2018,Islamic Development Bank,Afghanistan,12,0,6.250327
2019,Islamic Development Bank,Afghanistan,14,0,1.213286
2019,Asian Development Bank,Afghanistan,14,0,209.22812
2019,International Development Association,Afghanistan,14,2.929445,390.457755
2020,Islamic Development Bank,Afghanistan,12,0,0.259
2020,Asian Development Bank,Afghanistan,12,0,338.729484
2020,International Development Association,Afghanistan,12,14.076584,609.485882
2018,International Development Association,"Africa, regional",,0.740514,20.645031
2018,African Development Bank,"Africa, regional",,0,2.875796
2018,African Development Fund,"Africa, regional",,0.624088,399.951701
2018,Islamic Development Bank,"Africa, regional",,0,0
2019,Islamic Development Bank,"Africa, regional",,0,0.135657
2019,African Development Bank,"Africa, regional",,0,2.946257
2019,International Development Association,"Africa, regional",,1.173576,28.347665
2019,African Development Fund,"Africa, regional",,0.662882,321.09129
2020,Islamic Development Bank,"Africa, regional",,0,0.12
2020,African Development Fund,"Africa, regional",,0,510.033804
2020,African Development Bank,"Africa, regional",,0,0.831773
2018,Council of Europe Development Bank,Albania,88,0,0.701959
2018,International Development Association,Albania,88,0.505563,1.366387
2018,Islamic Development Bank,Albania,88,0,0
2019,Islamic Development Bank,Albania,84,0,0.784821
2019,International Development Association,Albania,84,0.136764,0.369632
2019,Council of Europe Development Bank,Albania,84,0.276111,0.632754
2020,Islamic Development Bank,Albania,37,0,0
2020,Council of Europe Development Bank,Albania,37,0.638177,0.809117
2020,International Development Association,Albania,37,0.117907,0.318667
2018,African Development Bank,Algeria,52,0,1.894284
2018,Islamic Development Bank,Algeria,52,0,0
2019,Islamic Development Bank,Algeria,54,0,0.114076
2019,African Development Bank,Algeria,54,0,0.764528
2020,African Development Bank,Algeria,62,0,0
2020,Islamic Development Bank,Algeria,62,0,0.27
2018,Inter-American Development Bank,"America, regional",,1.101968,65.354698
2018,Development Bank of Latin America,"America, regional",,0,0
2019,Inter-American Development Bank,"America, regional",,0,33.602676
2019,Development Bank of Latin America,"America, regional",,0,0
2020,Inter-American Development Bank,"America, regional",,0,50.018141
2018,International Development Association,Angola,59,0,36.198204
2018,African Development Bank,Angola,59,0,0.030409
2018,African Development Fund,Angola,59,0,9.382336
2019,International Development Association,Angola,62,0,24.615063
2019,African Development Bank,Angola,62,0,0
2019,African Development Fund,Angola,62,0,7.741594
2020,African Development Fund,Angola,74,0,8.550328
2020,International Development Association,Angola,74,0,3.300416
2020,African Development Bank,Angola,74,0,0
2018,Caribbean Development Bank,Antigua and Barbuda,99,0,9.15299
2019,Caribbean Development Bank,Antigua and Barbuda,95,0,8.533417
2020,Caribbean Development Bank,Antigua and Barbuda,114,0,14.441
2018,Inter-American Development Bank,Argentina,137,0,3.194997
2018,Development Bank of Latin America,Argentina,137,0,0
2019,Inter-American Development Bank,Argentina,123,0,2.612354
2019,Development Bank of Latin America,Argentina,123,0,0
2020,Inter-American Development Bank,Argentina,88,0,3.497988
2020,Development Bank of Latin America,Argentina,88,0,0
2018,Asian Development Bank,Armenia,110,0,9.579581
2018,International Development Association,Armenia,110,0,11.343479
2019,Asian Development Bank,Armenia,114,0,7.779928
2019,International Development Association,Armenia,114,0,5.335942
2020,Asian Development Bank,Armenia,99,0,4.889906
2020,International Development Association,Armenia,99,0,9.450738
2018,Asian Development Bank,"Asia, regional",,0,74.398797
2018,Islamic Development Bank,"Asia, regional",,0,0
2019,Islamic Development Bank,"Asia, regional",,0,0.852997
2019,Asian Development Bank,"Asia, regional",,0,42.238494
2020,Asian Development Bank,"Asia, regional",,0,64.273733
2020,Islamic Development Bank,"Asia, regional",,0.06,9.56995
2018,Asian Development Bank,Azerbaijan,104,0,2.319781
2018,International Development Association,Azerbaijan,104,0,7.782724
2018,Islamic Development Bank,Azerbaijan,104,0,0
2019,Islamic Development Bank,Azerbaijan,109,0,0.041807
2019,Asian Development Bank,Azerbaijan,109,0,1.687815
2019,International Development Association,Azerbaijan,109,0,0
2020,Asian Development Bank,Azerbaijan,89,0,2.670524
2020,Islamic Development Bank,Azerbaijan,89,0,0
2020,International Development Association,Azerbaijan,89,0,0
2018,Asian Development Bank,Bangladesh,8,0,494.156452
2018,International Development Association,Bangladesh,8,138.343656,1577.228274
2018,Asian Infrastructure Investment Bank,Bangladesh,8,0,0
2018,Islamic Development Bank,Bangladesh,8,0,1.758277
2019,Islamic Development Bank,Bangladesh,9,8.016122,46.100096
2019,Asian Development Bank,Bangladesh,9,0,406.390512
2019,International Development Association,Bangladesh,9,135.178973,1844.166494
2020,Asian Infrastructure Investment Bank,Bangladesh,11,0,1.980453
2020,Asian Development Bank,Bangladesh,11,0,723.520388
2020,Islamic Development Bank,Bangladesh,11,0,21.344289
2020,International Development Association,Bangladesh,11,111.449598,1536.73184
2018,Caribbean Development Bank,Belize,134,0,3.445329
2018,Inter-American Development Bank,Belize,134,0,1.455587
2019,Inter-American Development Bank,Belize,124,0,0.317001
2019,Caribbean Development Bank,Belize,124,0,27.109922
2020,Inter-American Development Bank,Belize,129,0,1.438993
2020,Caribbean Development Bank,Belize,129,0,26.099
2018,International Development Association,Benin,109,0.23939,111.399981
2018,African Development Fund,Benin,109,0,32.421068
2018,Islamic Development Bank,Benin,109,0,5.786146
2019,Islamic Development Bank,Benin,100,0,3.201332
2019,International Development Association,Benin,100,0.810773,233.161489
2019,African Development Fund,Benin,100,0,25.764106
2020,Islamic Development Bank,Benin,100,0,2.527956
2020,African Development Fund,Benin,100,0,18.973637
2020,International Development Association,Benin,100,3.847638,291.266118
2018,Asian Development Bank,Bhutan,113,0,29.793522
2018,International Development Association,Bhutan,113,0,34.723429
2019,Asian Development Bank,Bhutan,79,0,86.269728
2019,International Development Association,Bhutan,79,0,34.061937
2020,Asian Development Bank,Bhutan,126,0,87.792191
2020,International Development Association,Bhutan,126,0,57.962808
2018,Islamic Development Bank,"Bilateral, unspecified",,0,0.000832
2018,Development Bank of Latin America,"Bilateral, unspecified",,0,0
2018,Inter-American Development Bank,"Bilateral, unspecified",,0,0
2019,Islamic Development Bank,"Bilateral, unspecified",,0,2.580574
2019,Development Bank of Latin America,"Bilateral, unspecified",,0,0
2020,Islamic Development Bank,"Bilateral, unspecified",,0,3.15442
2018,Inter-American Development Bank,Bolivia,95,0.383759,380.600443
2018,International Development Association,Bolivia,95,0,39.209265
2018,Development Bank of Latin America,Bolivia,95,0,0
2019,Inter-American Development Bank,Bolivia,85,0,312.167681
2019,International Development Association,Bolivia,85,0,46.10087
2019,Development Bank of Latin America,Bolivia,85,0,0
2020,International Development Association,Bolivia,104,0,38.123708
2020,Inter-American Development Bank,Bolivia,104,0.2,88.351947
2020,Development Bank of Latin America,Bolivia,104,0,0
2018,Council of Europe Development Bank,Bosnia and Herzegovina,44,0.951808,15.999899
2018,International Development Association,Bosnia and Herzegovina,44,11.413049,25.265954
2019,International Development Association,Bosnia and Herzegovina,49,10.094873,25.390315
2019,Council of Europe Development Bank,Bosnia and Herzegovina,49,0.59824,10.427789
2020,Council of Europe Development Bank,Bosnia and Herzegovina,51,0.262106,15.967474
2020,International Development Association,Bosnia and Herzegovina,51,0,17.472028
2018,African Development Bank,Botswana,103,0,0
2018,African Development Fund,Botswana,103,0,0
2019,African Development Bank,Botswana,113,0,0.040044
2019,African Development Fund,Botswana,113,0,0
2019,International Development Association,Botswana,113,0,0
2020,African Development Fund,Botswana,115,0,0
2020,African Development Bank,Botswana,115,0,0.005739
2020,International Development Association,Botswana,115,0,0
2018,Inter-American Development Bank,Brazil,81,0,11.482263
2018,Development Bank of Latin America,Brazil,81,0,0
2019,Inter-American Development Bank,Brazil,65,0,5.048344
2019,Development Bank of Latin America,Brazil,65,0,0
2020,Inter-American Development Bank,Brazil,71,0,5.862701
2020,Development Bank of Latin America,Brazil,71,0,0
2018,International Development Association,Burkina Faso,26,71.613935,410.856366
2018,African Development Fund,Burkina Faso,26,0,42.376076
2018,Islamic Development Bank,Burkina Faso,26,0,8.138949
2018,African Development Bank,Burkina Faso,26,0,0.064823
2019,Islamic Development Bank,Burkina Faso,34,0,12.310997
2019,African Development Bank,Burkina Faso,34,0,0.042267
2019,International Development Association,Burkina Faso,34,0.861005,313.809808
2019,African Development Fund,Burkina Faso,34,0,43.043308
2020,Islamic Development Bank,Burkina Faso,26,0,16.924668
2020,International Development Association,Burkina Faso,26,3.211707,382.048626
2020,African Development Bank,Burkina Faso,26,0,0.009101
2020,African Development Fund,Burkina Faso,26,0,79.900698
2018,International Development Association,Burundi,36,4.632999,86.030663
2018,African Development Fund,Burundi,36,0,7.172751
2019,International Development Association,Burundi,38,5.017022,130.0067
2019,African Development Fund,Burundi,38,0,32.602049
2020,Islamic Development Bank,Burundi,40,0,0.23
2020,African Development Fund,Burundi,40,0,16.81527
2020,International Development Association,Burundi,40,2.092552,87.845573
2018,International Development Association,Cabo Verde,129,0,7.61824
2018,African Development Fund,Cabo Verde,129,0,2.435349
2018,African Development Bank,Cabo Verde,129,0,1.23161
2019,International Development Association,Cabo Verde,130,0,68.520577
2019,African Development Bank,Cabo Verde,130,0,0.873249
2019,African Development Fund,Cabo Verde,130,0,0.083314
2020,African Development Fund,Cabo Verde,108,0,0
2020,International Development Association,Cabo Verde,108,4.538391,61.172818
2020,African Development Bank,Cabo Verde,108,0,0.01427
2018,Asian Development Bank,Cambodia,96,0,104.224104
2018,International Development Association,Cambodia,96,0.017493,23.786748
2019,Asian Development Bank,Cambodia,108,0,167.88925
2019,International Development Association,Cambodia,108,0.032908,63.444247
2020,Asian Development Bank,Cambodia,109,0,429.274244
2020,Islamic Development Bank,Cambodia,109,0.075,0.075
2020,International Development Association,Cambodia,109,0.094883,92.077679
2018,International Development Association,Cameroon,29,0,138.256051
2018,African Development Fund,Cameroon,29,0,52.862827
2018,Islamic Development Bank,Cameroon,29,0,19.324175
2018,African Development Bank,Cameroon,29,0,0.000481
2019,Islamic Development Bank,Cameroon,30,0,7.602268
2019,African Development Bank,Cameroon,30,0,0
2019,International Development Association,Cameroon,30,0,329.590481
2019,African Development Fund,Cameroon,30,0,33.311671
2020,Islamic Development Bank,Cameroon,28,0,7.899412
2020,African Development Fund,Cameroon,28,0,20.243676
2020,International Development Association,Cameroon,28,0,109.244394
2020,African Development Bank,Cameroon,28,0,0.027186
2019,Inter-American Development Bank,"Caribbean & Central America, regional",,0,0.200144
2019,International Development Association,"Caribbean & Central America, regional",,0,0
2020,International Development Association,"Caribbean & Central America, regional",,0,1.7501
2018,Caribbean Development Bank,"Caribbean, regional",,0,9.140662
2018,International Development Association,"Caribbean, regional",,0,0.298393
2019,Inter-American Development Bank,"Caribbean, regional",,0,4.930609
2019,Caribbean Development Bank,"Caribbean, regional",,0,15.101676
2020,Inter-American Development Bank,"Caribbean, regional",,0,3.269669
2020,Caribbean Development Bank,"Caribbean, regional",,0,4.125
2018,International Development Association,Central African Republic,16,2.45285,98.833351
2018,African Development Fund,Central African Republic,16,0,15.932406
2019,International Development Association,Central African Republic,17,5.111615,174.273587
2019,African Development Fund,Central African Republic,17,0,8.595554
2020,International Development Association,Central African Republic,18,19.52333,177.185997
2020,African Development Fund,Central African Republic,18,0,20.817031
2019,Inter-American Development Bank,"Central America, regional",,0,0.21714
2020,Inter-American Development Bank,"Central America, regional",,0,1.829812
2020,African Development Fund,"Central America, regional",,0,9.325945
2018,International Development Association,"Central Asia, regional",,0,1.768133
2019,Asian Development Bank,"Central Asia, regional",,0,8.387054
2019,International Development Association,"Central Asia, regional",,0,3.817761
2020,Asian Development Bank,"Central Asia, regional",,0,5.285314
2020,International Development Association,"Central Asia, regional",,0,3.86457
2018,International Development Association,Chad,17,3.079479,126.023532
2018,African Development Fund,Chad,17,0,28.623842
2018,Islamic Development Bank,Chad,17,0,6.442838
2019,Islamic Development Bank,Chad,24,0,7.816349
2019,International Development Association,Chad,24,5.637231,71.586055
2019,African Development Fund,Chad,24,0,11.399805
2020,Islamic Development Bank,Chad,23,0,9.839024
2020,African Development Fund,Chad,23,0,72.555627
2020,International Development Association,Chad,23,9.004886,206.546553
2018,Asian Development Bank,China (People's Republic of),87,0,11.02861
2018,International Development Association,China (People's Republic of),87,0,0
2019,Asian Development Bank,China (People's Republic of),75,0,11.945681
2019,International Development Association,China (People's Republic of),75,0,0
2020,Asian Development Bank,China (People's Republic of),50,0,7.453612
2020,International Development Association,China (People's Republic of),50,0,0
2018,Inter-American Development Bank,Colombia,33,0,8.075857
2018,Development Bank of Latin America,Colombia,33,0,0
2019,Inter-American Development Bank,Colombia,23,0,3.916162
2019,Development Bank of Latin America,Colombia,23,0,0
2020,Inter-American Development Bank,Colombia,16,0.4,5.792967
2020,Development Bank of Latin America,Colombia,16,0,0
2018,International Development Association,Comoros,98,0.939453,9.53711
2018,African Development Fund,Comoros,98,0,7.921813
2018,Islamic Development Bank,Comoros,98,0,0
2019,Islamic Development Bank,Comoros,63,0,0.060635
2019,International Development Association,Comoros,63,0.16991,6.108802
2019,African Development Fund,Comoros,63,0,12.614926
2020,Islamic Development Bank,Comoros,80,0,0.715
2020,African Development Fund,Comoros,80,0,19.902078
2020,International Development Association,Comoros,80,6.266917,37.146261
2018,International Development Association,Congo,66,0,29.789221
2018,African Development Fund,Congo,66,0,2.537078
2019,International Development Association,Congo,53,0,35.328742
2019,African Development Fund,Congo,53,0,6.867637
2020,African Development Fund,Congo,61,0,9.70645
2020,International Development Association,Congo,61,0,58.853801
2020,African Development Bank,Congo,61,0,0
2018,Asian Development Bank,Cook Islands,130,0,0
2019,Asian Development Bank,Cook Islands,,0,0
2018,Inter-American Development Bank,Costa Rica,100,0,2.798473
2019,Inter-American Development Bank,Costa Rica,96,0,2.081924
2020,Inter-American Development Bank,Costa Rica,97,0.2,3.017398
2020,Development Bank of Latin America,Costa Rica,97,0,0
2018,International Development Association,Côte d'Ivoire,41,27.423449,243.695193
2018,African Development Fund,Côte d'Ivoire,41,0,29.931234
2018,African Development Bank,Côte d'Ivoire,41,0,0.064846
2018,Islamic Development Bank,Côte d'Ivoire,41,0,3.190192
2019,Islamic Development Bank,Côte d'Ivoire,52,0,4.328391
2019,International Development Association,Côte d'Ivoire,52,17.377728,247.911141
2019,African Development Bank,Côte d'Ivoire,52,0,0.004405
2019,African Development Fund,Côte d'Ivoire,52,0,43.078297
2020,Islamic Development Bank,Côte d'Ivoire,68,0,3.102051
2020,African Development Fund,Côte d'Ivoire,68,0,40.270664
2020,International Development Association,Côte d'Ivoire,68,8.819874,351.332424
2020,African Development Bank,Côte d'Ivoire,68,0,0.006916
2018,International Development Association,Democratic Republic of the Congo,9,0.064321,487.770393
2018,African Development Fund,Democratic Republic of the Congo,9,0,95.242617
2018,African Development Bank,Democratic Republic of the Congo,9,0,77.315373
2018,Islamic Development Bank,Democratic Republic of the Congo,9,0,0
2019,International Development Association,Democratic Republic of the Congo,6,0.451888,477.957605
2019,African Development Bank,Democratic Republic of the Congo,6,0,92.916301
2019,African Development Fund,Democratic Republic of the Congo,6,0,94.800164
2020,Islamic Development Bank,Democratic Republic of the Congo,4,0,0.1
2020,African Development Fund,Democratic Republic of the Congo,4,0,155.382924
2020,International Development Association,Democratic Republic of the Congo,4,0.469833,470.710852
2020,African Development Bank,Democratic Republic of the Congo,4,0,51.107798
2018,International Development Association,Djibouti,69,1.041919,17.42322
2018,African Development Bank,Djibouti,69,0,0
2018,African Development Fund,Djibouti,69,0,2.226088
2018,Islamic Development Bank,Djibouti,69,0,1.27675
2019,Islamic Development Bank,Djibouti,56,0,3.158016
2019,International Development Association,Djibouti,56,2.843007,18.179071
2019,African Development Fund,Djibouti,56,0.41925,19.169594
2020,Islamic Development Bank,Djibouti,73,0.1,4.23295
2020,International Development Association,Djibouti,73,2.287788,34.511441
2020,African Development Fund,Djibouti,73,0,46.568545
2018,Caribbean Development Bank,Dominica,67,0,0.94396
2018,International Development Association,Dominica,67,1.372255,4.611985
2019,International Development Association,Dominica,94,0.226338,11.802155
2019,Caribbean Development Bank,Dominica,94,0,18.716568
2020,International Development Association,Dominica,106,5.074878,20.541909
2020,Caribbean Development Bank,Dominica,106,0,24.299
2018,Inter-American Development Bank,Dominican Republic,86,0,3.084888
2018,Development Bank of Latin America,Dominican Republic,86,0,0
2019,Inter-American Development Bank,Dominican Republic,93,0,2.153608
2019,International Development Association,Dominican Republic,93,0,0
2020,International Development Association,Dominican Republic,118,0,0
2020,Inter-American Development Bank,Dominican Republic,118,0,3.122314
2020,Development Bank of Latin America,Dominican Republic,118,0,0
2019,International Development Association,"Eastern Africa, regional",,0,4.425201
2020,African Development Fund,"Eastern Africa, regional",,0,8.832108
2020,International Development Association,"Eastern Africa, regional",,0.432507,24.987863
2020,African Development Bank,"Eastern Africa, regional",,0,0.155798
2018,Inter-American Development Bank,Ecuador,43,0,7.442867
2018,Development Bank of Latin America,Ecuador,43,0,0
2019,Inter-American Development Bank,Ecuador,39,0,2.912599
2019,International Development Association,Ecuador,39,0,0
2019,Development Bank of Latin America,Ecuador,39,0,0
2020,Inter-American Development Bank,Ecuador,46,0,3.065416
2020,International Development Association,Ecuador,46,0,0
2020,Development Bank of Latin America,Ecuador,46,0,0
2018,International Development Association,Egypt,45,0,0
2018,Islamic Development Bank,Egypt,45,0,6.587863
2018,African Development Bank,Egypt,45,0,1.166379
2018,African Development Fund,Egypt,45,0,0
2019,Islamic Development Bank,Egypt,44,0,12.47695
2019,African Development Bank,Egypt,44,0,1.135004
2019,International Development Association,Egypt,44,0,0
2019,African Development Fund,Egypt,44,0,0
2020,Islamic Development Bank,Egypt,44,0,4.982971
2020,International Development Association,Egypt,44,0,0
2020,African Development Bank,Egypt,44,0,0.747679
2020,African Development Fund,Egypt,44,0,0
2018,Inter-American Development Bank,El Salvador,68,0,3.970221
2019,Inter-American Development Bank,El Salvador,81,0,2.284547
2019,International Development Association,El Salvador,81,0,0
2020,International Development Association,El Salvador,42,0,0
2020,Inter-American Development Bank,El Salvador,42,0.2,4.396307
2018,International Development Association,Equatorial Guinea,139,0,0
2018,African Development Fund,Equatorial Guinea,139,0,0
2019,International Development Association,Equatorial Guinea,138,0,0
2019,African Development Fund,Equatorial Guinea,138,0,0
2020,International Development Association,Equatorial Guinea,137,0,0
2020,African Development Bank,Equatorial Guinea,137,0,0.255071
2020,African Development Fund,Equatorial Guinea,137,0,0
2018,African Development Fund,Eritrea,75,0,1.196799
2019,African Development Fund,Eritrea,89,0,9.726288
2020,African Development Fund,Eritrea,111,0,4.206177
2018,African Development Bank,Eswatini,90,0,0.850747
2018,African Development Fund,Eswatini,90,0,0
2019,African Development Bank,Eswatini,118,0,0.559949
2019,African Development Fund,Eswatini,118,0,0
2019,International Development Association,Eswatini,118,0,0
2020,International Development Association,Eswatini,102,0,0
2020,African Development Bank,Eswatini,102,0,0.330632
2020,African Development Fund,Eswatini,102,0,0
2018,International Development Association,Ethiopia,7,11.150773,2146.44047
2018,African Development Fund,Ethiopia,7,0,179.903576
2018,African Development Bank,Ethiopia,7,0,0.038536
2019,International Development Association,Ethiopia,8,14.123634,1852.180739
2019,African Development Fund,Ethiopia,8,0,185.247894
2020,African Development Fund,Ethiopia,6,0,277.219599
2020,International Development Association,Ethiopia,6,19.053638,2012.835299
2020,African Development Bank,Ethiopia,6,0,0.016671
2018,Islamic Development Bank,"Europe, regional",,0,0
2019,Islamic Development Bank,"Europe, regional",,0,0.042679
2018,International Development Association,"Far East Asia, regional",,0.083377,1.389619
2019,Islamic Development Bank,"Far East Asia, regional",,0,0.042136
2019,Asian Development Bank,"Far East Asia, regional",,0,11.447629
2020,Asian Development Bank,"Far East Asia, regional",,0,16.516912
2018,Asian Development Bank,Fiji,89,0,0.952921
2019,Islamic Development Bank,Fiji,86,0,0.205542
2019,Asian Development Bank,Fiji,86,0,0.978401
2019,International Development Association,Fiji,86,0,0
2020,Asian Development Bank,Fiji,69,0,1.451199
2020,International Development Association,Fiji,69,9.480931,28.825673
2018,African Development Bank,Gabon,138,0,3.578107
2018,African Development Fund,Gabon,138,0,0
2018,Islamic Development Bank,Gabon,138,0,0
2019,Islamic Development Bank,Gabon,125,0,0
2019,African Development Bank,Gabon,125,0,1.045511
2019,African Development Fund,Gabon,125,0,0
2020,Islamic Development Bank,Gabon,130,0,0
2020,African Development Bank,Gabon,130,0,0.631225
2020,African Development Fund,Gabon,130,0,0
2018,International Development Association,Gambia,108,0,34.23324
2018,African Development Fund,Gambia,108,0,27.56768
2018,Islamic Development Bank,Gambia,108,0,7.709391
2019,Islamic Development Bank,Gambia,98,0,7.432138
2019,International Development Association,Gambia,98,0,15.732199
2019,African Development Fund,Gambia,98,0,33.783531
2020,Islamic Development Bank,Gambia,124,0,4.412757
2020,African Development Fund,Gambia,124,0,24.907426
2020,International Development Association,Gambia,124,0,83.504395
2018,Asian Development Bank,Georgia,56,0,31.348756
2018,International Development Association,Georgia,56,0,7.951563
2018,Council of Europe Development Bank,Georgia,56,0,0
2019,Asian Development Bank,Georgia,45,0,28.456362
2019,International Development Association,Georgia,45,0,2.797899
2019,Council of Europe Development Bank,Georgia,45,0,0
2020,Council of Europe Development Bank,Georgia,117,0,0
2020,Asian Development Bank,Georgia,117,0,13.226945
2020,International Development Association,Georgia,117,0,5.805213
2018,International Development Association,Ghana,92,0,142.747015
2018,African Development Fund,Ghana,92,0,50.070228
2018,African Development Bank,Ghana,92,0,0.033811
2018,Islamic Development Bank,Ghana,92,0,0
2019,International Development Association,Ghana,91,0,161.66979
2019,African Development Bank,Ghana,91,0,0.02136
2019,African Development Fund,Ghana,91,0,90.321581
2020,African Development Fund,Ghana,85,0,132.200645
2020,International Development Association,Ghana,85,2.900671,396.90608
2020,African Development Bank,Ghana,85,0,0.000559
2018,Caribbean Development Bank,Grenada,97,0,1.168632
2018,International Development Association,Grenada,97,3.326678,33.546919
2019,International Development Association,Grenada,139,0,3.097201
2019,Caribbean Development Bank,Grenada,139,0,6.120807
2020,International Development Association,Grenada,119,2.4,26.758355
2020,Caribbean Development Bank,Grenada,119,0,11.318
2018,Inter-American Development Bank,Guatemala,57,0.201617,19.515618
2019,Inter-American Development Bank,Guatemala,51,0,17.244872
2020,Inter-American Development Bank,Guatemala,54,0.4,284.221938
2018,International Development Association,Guinea,70,0.197494,140.237256
2018,African Development Fund,Guinea,70,0,23.553577
2018,Islamic Development Bank,Guinea,70,0,23.2507
2019,Islamic Development Bank,Guinea,72,0,8.971356
2019,African Development Bank,Guinea,72,0,0
2019,International Development Association,Guinea,72,0.635103,169.794839
2019,African Development Fund,Guinea,72,0,32.957063
2020,Islamic Development Bank,Guinea,93,0,4.497748
2020,African Development Fund,Guinea,93,0,49.106022
2020,International Development Association,Guinea,93,1.682286,164.028179
2020,African Development Bank,Guinea,93,0,0.082082
2018,International Development Association,Guinea-Bissau,111,0,55.155566
2018,African Development Fund,Guinea-Bissau,111,0,7.617415
2018,African Development Bank,Guinea-Bissau,111,0,0
2018,Islamic Development Bank,Guinea-Bissau,111,0,0.010112
2019,Islamic Development Bank,Guinea-Bissau,99,0,0.06269
2019,International Development Association,Guinea-Bissau,99,0,28.396691
2019,African Development Fund,Guinea-Bissau,99,0,6.599863
2020,Islamic Development Bank,Guinea-Bissau,122,0,9.31
2020,African Development Fund,Guinea-Bissau,122,0,7.027913
2020,International Development Association,Guinea-Bissau,122,0,41.937612
2020,African Development Bank,Guinea-Bissau,122,0,0.106282
2018,Caribbean Development Bank,Guyana,120,0,3.976972
2018,Inter-American Development Bank,Guyana,120,0,28.53775
2018,International Development Association,Guyana,120,0,41.784559
2018,Islamic Development Bank,Guyana,120,0,0
2019,Inter-American Development Bank,Guyana,127,0,35.358523
2019,Islamic Development Bank,Guyana,127,0,0.086328
2019,International Development Association,Guyana,127,0,8.801745
2019,Caribbean Development Bank,Guyana,127,0,13.34732
2020,International Development Association,Guyana,132,0,4.815318
2020,Inter-American Development Bank,Guyana,132,0,21.241841
2020,Caribbean Development Bank,Guyana,132,0,6.705
2018,Caribbean Development Bank,Haiti,28,0,0
2018,Inter-American Development Bank,Haiti,28,0,120.194952
2018,International Development Association,Haiti,28,23.761474,113.755759
2019,Inter-American Development Bank,Haiti,36,0,68.522817
2019,International Development Association,Haiti,36,10.592808,84.164772
2019,Caribbean Development Bank,Haiti,36,0,8.194464
2020,International Development Association,Haiti,31,25.225394,129.375915
2020,Inter-American Development Bank,Haiti,31,0,2.915386
2020,Caribbean Development Bank,Haiti,31,0,7.882
2018,Inter-American Development Bank,Honduras,58,0,319.962115
2018,International Development Association,Honduras,58,2.587694,8.674284
2019,Inter-American Development Bank,Honduras,57,0,172.905245
2019,International Development Association,Honduras,57,3.660904,20.930674
2020,International Development Association,Honduras,33,55.675945,144.72229
2020,Inter-American Development Bank,Honduras,33,0.395913,366.427625
2018,Asian Development Bank,India,27,0,6.16702
2018,International Development Association,India,27,103.726871,1040.01697
2018,Islamic Development Bank,India,27,0,0
2019,Islamic Development Bank,India,19,0,0.030372
2019,Asian Development Bank,India,19,0,8.794392
2019,International Development Association,India,19,241.001517,1052.39351
2020,Asian Development Bank,India,39,0,9.318248
2020,Islamic Development Bank,India,39,0,0.035584
2020,International Development Association,India,39,57.599165,837.438735
2018,Asian Development Bank,Indonesia,31,0,3.780154
2018,International Development Association,Indonesia,31,0,0
2018,Islamic Development Bank,Indonesia,31,0,-0.556407
2019,Islamic Development Bank,Indonesia,48,0,1.206463
2019,Asian Development Bank,Indonesia,48,0,4.815834
2019,International Development Association,Indonesia,48,0,0
2020,Islamic Development Bank,Indonesia,52,0,0.692975
2020,Asian Development Bank,Indonesia,52,0,13.905361
2020,International Development Association,Indonesia,52,0,0
2018,Islamic Development Bank,Iran,46,0,0
2019,Islamic Development Bank,Iran,41,0,1.449067
2020,Islamic Development Bank,Iran,45,0,0
2018,International Development Association,Iraq,3,0,0
2018,Islamic Development Bank,Iraq,3,0,0
2019,International Development Association,Iraq,3,0,0
2020,International Development Association,Iraq,7,0,0
2018,Caribbean Development Bank,Jamaica,114,0,1.691989
2018,Inter-American Development Bank,Jamaica,114,0,3.276607
2019,Inter-American Development Bank,Jamaica,131,0,1.85487
2019,Caribbean Development Bank,Jamaica,131,0,15.606846
2020,Inter-American Development Bank,Jamaica,131,0,1.725101
2020,Caribbean Development Bank,Jamaica,131,0,0.292
2018,International Development Association,Jordan,13,0,15.17134
2018,Islamic Development Bank,Jordan,13,0,0
2019,Islamic Development Bank,Jordan,15,0,0.296442
2019,International Development Association,Jordan,15,0,18.790579
2020,Islamic Development Bank,Jordan,15,0,0.600849
2020,International Development Association,Jordan,15,0,34.941874
2018,Asian Development Bank,Kazakhstan,127,0,1.762264
2018,Islamic Development Bank,Kazakhstan,127,0,0
2019,Islamic Development Bank,Kazakhstan,132,0,0.20996
2019,Asian Development Bank,Kazakhstan,132,0,3.433834
2020,Islamic Development Bank,Kazakhstan,66,0,0
2020,Asian Development Bank,Kazakhstan,66,0,2.454336
2018,International Development Association,Kenya,20,6.031546,768.197957
2018,African Development Fund,Kenya,20,0,190.859339
2018,African Development Bank,Kenya,20,0,0.425515
2019,International Development Association,Kenya,21,72.555615,1535.908983
2019,African Development Bank,Kenya,21,0,0.831809
2019,African Development Fund,Kenya,21,0,90.965434
2020,Islamic Development Bank,Kenya,17,0,0.25
2020,African Development Fund,Kenya,17,0,61.033778
2020,International Development Association,Kenya,17,110.842436,1716.910015
2020,African Development Bank,Kenya,17,0,1.483757
2018,Asian Development Bank,Kiribati,133,0,5.289941
2018,International Development Association,Kiribati,133,0,11.067589
2019,Asian Development Bank,Kiribati,136,0,2.844443
2019,International Development Association,Kiribati,136,0,7.476806
2020,Asian Development Bank,Kiribati,139,0,1.567006
2020,International Development Association,Kiribati,139,0,1.000826
2018,International Development Association,Kosovo,102,0,8.975363
2019,International Development Association,Kosovo,111,0,12.508073
2020,Council of Europe Development Bank,Kosovo,121,0,20.266376
2020,International Development Association,Kosovo,121,0.008729,91.858747
2018,Asian Development Bank,Kyrgyzstan,94,0,60.36314
2018,International Development Association,Kyrgyzstan,94,0.269189,57.794978
2018,Islamic Development Bank,Kyrgyzstan,94,0,6.592644
2019,Islamic Development Bank,Kyrgyzstan,64,0,16.476656
2019,Asian Development Bank,Kyrgyzstan,64,0,90.028516
2019,International Development Association,Kyrgyzstan,64,2.674831,49.464612
2020,Asian Development Bank,Kyrgyzstan,76,0,93.220803
2020,Islamic Development Bank,Kyrgyzstan,76,0,22.009693
2020,International Development Association,Kyrgyzstan,76,6.670958,40.374988
2018,Asian Development Bank,Lao People's Democratic Republic,65,0,115.819138
2018,International Development Association,Lao People's Democratic Republic,65,0.46991,53.245234
2018,Asian Infrastructure Investment Bank,Lao People's Democratic Republic,65,0,0.158773
2019,Asian Development Bank,Lao People's Democratic Republic,67,0,158.504819
2019,International Development Association,Lao People's Democratic Republic,67,7.750282,103.04963
2019,Asian Infrastructure Investment Bank,Lao People's Democratic Republic,67,0,0.860513
2020,Asian Development Bank,Lao People's Democratic Republic,92,0,98.648515
2020,International Development Association,Lao People's Democratic Republic,92,1.271046,54.460047
2018,International Development Association,Lebanon,10,0,0
2018,Islamic Development Bank,Lebanon,10,0,1.217262
2019,Islamic Development Bank,Lebanon,11,0,2.374412
2020,Islamic Development Bank,Lebanon,13,0,1.123621
2020,International Development Association,Lebanon,13,0,57.331263
2018,International Development Association,Lesotho,93,0,36.865808
2018,African Development Fund,Lesotho,93,0,10.407412
2018,African Development Bank,Lesotho,93,0,0.007617
2019,African Development Bank,Lesotho,69,0,0.0145
2019,International Development Association,Lesotho,69,1.330482,41.328478
2019,African Development Fund,Lesotho,69,0,7.810455
2020,African Development Fund,Lesotho,84,0,4.578945
2020,International Development Association,Lesotho,84,0.303506,32.775191
2020,African Development Bank,Lesotho,84,0,0.030779
2018,International Development Association,Liberia,73,0,91.917067
2018,African Development Fund,Liberia,73,0,46.514245
2018,African Development Bank,Liberia,73,0,0.018055
2019,African Development Bank,Liberia,66,0,0.050123
2019,International Development Association,Liberia,66,0,111.371195
2019,African Development Fund,Liberia,66,0,42.980546
2020,African Development Fund,Liberia,87,0,43.088075
2020,International Development Association,Liberia,87,0,115.12463
2020,African Development Bank,Liberia,87,0,0.03638
2018,Islamic Development Bank,Libya,30,0,0
2019,Islamic Development Bank,Libya,33,0,0.015416
2020,African Development Bank,Libya,38,0,0
2018,International Development Association,Madagascar,38,2.321731,198.577577
2018,African Development Fund,Madagascar,38,0.196968,38.459158
2018,African Development Bank,Madagascar,38,0,0.02957
2019,International Development Association,Madagascar,40,4.811579,216.731452
2019,African Development Bank,Madagascar,40,0,0
2019,African Development Fund,Madagascar,40,0.91254,34.325296
2020,African Development Fund,Madagascar,36,0,35.965424
2020,International Development Association,Madagascar,36,22.475085,320.93728
2020,African Development Bank,Madagascar,36,0,0.015286
2018,International Development Association,Malawi,40,1.613159,133.506674
2018,African Development Fund,Malawi,40,0,50.160606
2018,Islamic Development Bank,Malawi,40,0,0
2019,African Development Bank,Malawi,32,0,0.034853
2019,International Development Association,Malawi,32,31.490855,160.567724
2019,African Development Fund,Malawi,32,1.354661,41.412192
2020,African Development Fund,Malawi,35,0,66.580538
2020,International Development Association,Malawi,35,23.120791,196.401546
2020,African Development Bank,Malawi,35,0,0.030417
2018,Islamic Development Bank,Malaysia,77,0,0
2019,Islamic Development Bank,Malaysia,92,0,0.333114
2018,Asian Development Bank,Maldives,125,0,7.531003
2018,International Development Association,Maldives,125,0,4.759337
2018,Islamic Development Bank,Maldives,125,0,1.317766
2019,Islamic Development Bank,Maldives,102,0,1.060823
2019,Asian Development Bank,Maldives,102,0,13.683394
2019,International Development Association,Maldives,102,0,29.702663
2020,Asian Development Bank,Maldives,81,0,59.088776
2020,Islamic Development Bank,Maldives,81,0,8.66164
2020,International Development Association,Maldives,81,6.788732,30.756626
2018,International Development Association,Mali,21,18.117717,249.084042
2018,African Development Fund,Mali,21,0,49.04022
2018,Islamic Development Bank,Mali,21,0,4.470709
2018,African Development Bank,Mali,21,0,0.009618
2019,Islamic Development Bank,Mali,25,0.308312,7.42525
2019,International Development Association,Mali,25,13.72141,426.512873
2019,African Development Fund,Mali,25,0,37.071584
2020,Islamic Development Bank,Mali,25,0,11.792606
2020,African Development Fund,Mali,25,0,93.002486
2020,International Development Association,Mali,25,14.075669,179.324508
2020,African Development Bank,Mali,25,0,0.000661
2018,Asian Development Bank,Marshall Islands,121,0,2.482941
2018,International Development Association,Marshall Islands,121,0.432325,2.540209
2019,Asian Development Bank,Marshall Islands,117,0,2.572933
2019,International Development Association,Marshall Islands,117,0.838069,6.007073
2020,Asian Development Bank,Marshall Islands,127,0,24.290058
2020,International Development Association,Marshall Islands,127,0.572766,7.524636
2018,International Development Association,Mauritania,37,0.200504,37.089731
2018,African Development Fund,Mauritania,37,0,9.048801
2018,Islamic Development Bank,Mauritania,37,0,3.446957
2019,Islamic Development Bank,Mauritania,42,0,3.647035
2019,International Development Association,Mauritania,42,0.546664,98.024171
2019,African Development Fund,Mauritania,42,0,6.358939
2020,Islamic Development Bank,Mauritania,47,0,2.452719
2020,African Development Fund,Mauritania,47,0,17.597687
2020,International Development Association,Mauritania,47,1.425714,161.008378
2020,African Development Bank,Mauritania,47,0,0
2018,African Development Bank,Mauritius,117,0,1.080788
2018,African Development Fund,Mauritius,117,0,0
2019,African Development Bank,Mauritius,74,0,0.671383
2019,International Development Association,Mauritius,74,0,0
2019,African Development Fund,Mauritius,74,0,0
2020,African Development Bank,Mauritius,120,0,0.037317
2020,African Development Fund,Mauritius,120,0,0
2020,International Development Association,Mauritius,120,0,0
2018,Inter-American Development Bank,Mexico,83,0,8.575156
2018,Development Bank of Latin America,Mexico,83,0,0
2019,Inter-American Development Bank,Mexico,77,0,4.075023
2019,Development Bank of Latin America,Mexico,77,0,0
2020,Inter-American Development Bank,Mexico,56,0,3.803291
2020,Development Bank of Latin America,Mexico,56,0,0
2018,Asian Development Bank,Micronesia,64,0,0.305923
2018,International Development Association,Micronesia,64,0,25.655071
2019,Asian Development Bank,Micronesia,88,0,0.330999
2019,International Development Association,Micronesia,88,0,18.510544
2020,Asian Development Bank,Micronesia,91,0,21.304169
2020,International Development Association,Micronesia,91,0,10.857125
2020,African Development Fund,"Middle Africa, regional",,0,1.811975
2018,Islamic Development Bank,"Middle East, regional",,0,0
2019,Islamic Development Bank,"Middle East, regional",,0,0.884117
2020,Islamic Development Bank,"Middle East, regional",,0,1.8416
2018,Council of Europe Development Bank,Moldova,132,0,1.267096
2018,International Development Association,Moldova,132,0,36.872457
2019,International Development Association,Moldova,122,0,15.399917
2019,Council of Europe Development Bank,Moldova,122,0,2.183577
2020,Council of Europe Development Bank,Moldova,128,0,2.83495
2020,International Development Association,Moldova,128,0,57.4144
2018,Asian Development Bank,Mongolia,105,0,65.694188
2018,International Development Association,Mongolia,105,0,15.85727
2019,Asian Development Bank,Mongolia,107,0,56.082396
2019,International Development Association,Mongolia,107,0,26.369696
2020,Asian Development Bank,Mongolia,83,0,99.153765
2020,International Development Association,Mongolia,83,0,145.758019
2018,International Development Association,Montenegro,115,0,0
2018,Council of Europe Development Bank,Montenegro,115,0,0
2019,International Development Association,Montenegro,115,0,0
2020,International Development Association,Montenegro,103,0,0
2018,Caribbean Development Bank,Montserrat,131,0,0.180004
2018,African Development Bank,Morocco,79,0,1.688945
2018,Islamic Development Bank,Morocco,79,0,0
2018,African Development Fund,Morocco,79,0,0
2019,Islamic Development Bank,Morocco,83,0,2.669171
2019,African Development Bank,Morocco,83,0,1.802314
2019,African Development Fund,Morocco,83,0,0
2019,International Development Association,Morocco,83,0,0
2020,Islamic Development Bank,Morocco,58,0,3.233382
2020,African Development Bank,Morocco,58,0,0.455152
2020,African Development Fund,Morocco,58,0,0
2020,International Development Association,Morocco,58,0,0
2018,International Development Association,Mozambique,54,1.378036,278.413463
2018,Islamic Development Bank,Mozambique,54,0,5.739656
2018,African Development Bank,Mozambique,54,0,0.213217
2018,African Development Fund,Mozambique,54,0,46.336324
2019,Islamic Development Bank,Mozambique,18,0.308312,7.370452
2019,African Development Bank,Mozambique,18,0,0.091923
2019,International Development Association,Mozambique,18,13.346315,290.034191
2019,African Development Fund,Mozambique,18,0,66.436487
2020,Islamic Development Bank,Mozambique,21,0,3.70488
2020,African Development Fund,Mozambique,21,0,90.365166
2020,International Development Association,Mozambique,21,75.94463,498.87786
2020,African Development Bank,Mozambique,21,0,0.054056
2018,Asian Development Bank,Myanmar,23,0,43.839911
2018,International Development Association,Myanmar,23,0.061069,210.560133
2019,Asian Development Bank,Myanmar,20,0,30.965969
2019,International Development Association,Myanmar,20,0.249077,239.18715
2020,Asian Development Bank,Myanmar,24,0,185.163333
2020,International Development Association,Myanmar,24,0.276104,296.909573
2018,African Development Bank,Namibia,101,0,0.90471
2018,African Development Fund,Namibia,101,0,0
2019,African Development Bank,Namibia,112,0,0.25523
2019,African Development Fund,Namibia,112,0,0
2020,African Development Fund,Namibia,90,0,0
2020,African Development Bank,Namibia,90,0,0.00143
2018,Asian Development Bank,Nauru,141,0,3.039062
2019,Asian Development Bank,Nauru,,0,5.29782
2020,Asian Development Bank,Nauru,138,0,8.407327
2018,Asian Development Bank,Nepal,22,0,252.730276
2018,International Development Association,Nepal,22,72.011123,602.498811
2018,Asian Infrastructure Investment Bank,Nepal,22,0,0
2018,Islamic Development Bank,Nepal,22,0,0
2019,Asian Infrastructure Investment Bank,Nepal,22,0,0.639181
2019,Islamic Development Bank,Nepal,22,0,0.164433
2019,Asian Development Bank,Nepal,22,0,319.074863
2019,International Development Association,Nepal,22,83.467657,498.783012
2020,Asian Development Bank,Nepal,29,0,513.412573
2020,Asian Infrastructure Investment Bank,Nepal,29,0,0.324333
2020,Islamic Development Bank,Nepal,29,0,0.1
2020,International Development Association,Nepal,29,97.263918,533.238152
2018,Inter-American Development Bank,Nicaragua,60,0,104.973456
2018,International Development Association,Nicaragua,60,4.042992,69.794768
2019,Inter-American Development Bank,Nicaragua,78,0,124.81552
2019,International Development Association,Nicaragua,78,5.587747,96.644874
2020,International Development Association,Nicaragua,67,7.731692,64.040238
2020,Inter-American Development Bank,Nicaragua,67,0,145.473353
2018,International Development Association,Niger,19,9.947619,288.294536
2018,Islamic Development Bank,Niger,19,0,6.618816
2018,African Development Bank,Niger,19,0,0.034965
2018,African Development Fund,Niger,19,0,74.138217
2019,Islamic Development Bank,Niger,27,0,6.641563
2019,International Development Association,Niger,27,11.336275,522.884337
2019,African Development Fund,Niger,27,0,65.716211
2020,Islamic Development Bank,Niger,22,0,9.140814
2020,African Development Fund,Niger,22,0,120.182531
2020,International Development Association,Niger,22,11.349218,514.694542
2020,African Development Bank,Niger,22,0,0.005159
2018,International Development Association,Nigeria,5,43.522693,959.497917
2018,African Development Bank,Nigeria,5,0,1.515049
2018,African Development Fund,Nigeria,5,0,71.936127
2018,Islamic Development Bank,Nigeria,5,0,2.757291
2019,Islamic Development Bank,Nigeria,10,0,16.110698
2019,International Development Association,Nigeria,10,108.503931,1369.626667
2019,African Development Bank,Nigeria,10,0,0.301099
2019,African Development Fund,Nigeria,10,0,77.949872
2020,Islamic Development Bank,Nigeria,9,0,2.82673
2020,African Development Fund,Nigeria,9,0,28.866663
2020,International Development Association,Nigeria,9,37.75368,1212.181903
2020,African Development Bank,Nigeria,9,0,0.182222
2019,Asian Development Bank,Niue,135,0,0
2020,Asian Development Bank,Niue,136,0,0.31934
2018,Council of Europe Development Bank,North Macedonia,84,0.963706,0.963706
2018,International Development Association,North Macedonia,84,0,0
2019,International Development Association,North Macedonia,103,0,0
2019,Council of Europe Development Bank,North Macedonia,103,1.248251,7.148972
2020,Council of Europe Development Bank,North Macedonia,95,0.075214,6.257379
2020,International Development Association,North Macedonia,95,0,0
2018,Islamic Development Bank,"North of Sahara, regional",,0,0
2020,African Development Bank,"North of Sahara, regional",,0,0
2018,International Development Association,"Oceania, regional",,1.014242,3.146741
2019,Asian Development Bank,"Oceania, regional",,0,12.0694
2019,International Development Association,"Oceania, regional",,0.548671,2.110911
2020,Asian Development Bank,"Oceania, regional",,0,10.573257
2020,International Development Association,"Oceania, regional",,0.652383,2.662092
2018,Asian Development Bank,Pakistan,24,0,63.434489
2018,International Development Association,Pakistan,24,54.802781,491.652487
2018,Asian Infrastructure Investment Bank,Pakistan,24,0,0
2018,Islamic Development Bank,Pakistan,24,0,1.260933
2019,Islamic Development Bank,Pakistan,31,0,2.27499
2019,Asian Development Bank,Pakistan,31,0,871.586589
2019,International Development Association,Pakistan,31,25.484918,597.304372
2019,Asian Infrastructure Investment Bank,Pakistan,31,0,0.203767
2020,Islamic Development Bank,Pakistan,27,0,6.80615
2020,Asian Development Bank,Pakistan,27,0,625.688273
2020,Asian Infrastructure Investment Bank,Pakistan,27,0,0.10487
2020,International Development Association,Pakistan,27,27.368585,1431.080967
2018,Asian Development Bank,Palau,122,0,0.599498
2019,Asian Development Bank,Palau,128,0,0.678064
2020,Asian Development Bank,Palau,135,0,21.069406
2018,Inter-American Development Bank,Panama,106,0,3.912121
2018,Development Bank of Latin America,Panama,106,0,0
2019,Inter-American Development Bank,Panama,97,0,1.426696
2019,Development Bank of Latin America,Panama,97,0,0
2020,Inter-American Development Bank,Panama,94,0.4,3.481987
2020,Development Bank of Latin America,Panama,94,0,0
2018,Asian Development Bank,Papua New Guinea,48,0,38.460374
2018,International Development Association,Papua New Guinea,48,0,194.001574
2019,Asian Development Bank,Papua New Guinea,76,0,43.115964
2019,International Development Association,Papua New Guinea,76,0,33.022397
2020,Asian Development Bank,Papua New Guinea,86,0,88.274144
2020,International Development Association,Papua New Guinea,86,0,36.553614
2018,Inter-American Development Bank,Paraguay,116,0,52.809654
2018,Development Bank of Latin America,Paraguay,116,0,0
2019,Inter-American Development Bank,Paraguay,110,0.411084,45.501849
2019,International Development Association,Paraguay,110,0,0
2019,Development Bank of Latin America,Paraguay,110,0,0
2020,International Development Association,Paraguay,98,0,0
2020,Inter-American Development Bank,Paraguay,98,0,32.454473
2020,Development Bank of Latin America,Paraguay,98,0,0
2018,Inter-American Development Bank,Peru,76,0,5.969563
2018,Development Bank of Latin America,Peru,76,0,0
2019,Inter-American Development Bank,Peru,59,0,3.481987
2019,Development Bank of Latin America,Peru,59,0,0
2020,Inter-American Development Bank,Peru,49,0.079115,2.611943
2020,Development Bank of Latin America,Peru,49,0,0
2018,Asian Development Bank,Philippines,34,0,5.209705
2018,International Development Association,Philippines,34,0,0
2019,Asian Development Bank,Philippines,43,0,4.9091
2019,International Development Association,Philippines,43,0,0
2020,Asian Development Bank,Philippines,48,0,8.580114
2020,Islamic Development Bank,Philippines,48,0,0.26
2020,International Development Association,Philippines,48,0,0
2018,International Development Association,Rwanda,51,0,255.289802
2018,African Development Bank,Rwanda,51,0,0.038678
2018,African Development Fund,Rwanda,51,0,120.733768
2018,Islamic Development Bank,Rwanda,51,0,0
2019,International Development Association,Rwanda,46,0.587769,317.584159
2019,African Development Fund,Rwanda,46,0,65.298399
2020,African Development Fund,Rwanda,43,0,138.473679
2020,International Development Association,Rwanda,43,22.309205,475.708002
2018,Caribbean Development Bank,Saint Lucia,119,0,1.935098
2018,International Development Association,Saint Lucia,119,0.598377,5.018889
2019,International Development Association,Saint Lucia,126,0.522779,4.273804
2019,Caribbean Development Bank,Saint Lucia,126,0,22.627236
2020,International Development Association,Saint Lucia,125,1.268332,20.400594
2020,Caribbean Development Bank,Saint Lucia,125,0,44.162
2018,Caribbean Development Bank,Saint Vincent and the Grenadines,136,0,5.493958
2018,International Development Association,Saint Vincent and the Grenadines,136,0,1.245047
2019,International Development Association,Saint Vincent and the Grenadines,73,9.725252,39.880105
2019,Caribbean Development Bank,Saint Vincent and the Grenadines,73,0,36.610975
2020,International Development Association,Saint Vincent and the Grenadines,70,18.248234,46.766002
2020,Caribbean Development Bank,Saint Vincent and the Grenadines,70,0,9.861
2018,Asian Development Bank,Samoa,61,0,11.612655
2018,International Development Association,Samoa,61,0.407311,19.398172
2019,Asian Development Bank,Samoa,71,0,4.377153
2019,International Development Association,Samoa,71,5.286163,33.259189
2020,Asian Development Bank,Samoa,96,0,27.06205
2020,International Development Association,Samoa,96,5.108874,32.418565
2018,International Development Association,Sao Tome and Principe,124,0.085547,10.753604
2018,African Development Fund,Sao Tome and Principe,124,0,7.860309
2019,International Development Association,Sao Tome and Principe,116,1.04039,17.510478
2019,African Development Fund,Sao Tome and Principe,116,0,5.675222
2020,African Development Fund,Sao Tome and Principe,123,0,21.086666
2020,International Development Association,Sao Tome and Principe,123,1.753531,19.964214
2020,African Development Bank,Sao Tome and Principe,123,0,0.086774
2018,International Development Association,Senegal,50,2.234799,143.496023
2018,African Development Fund,Senegal,50,2.356752,31.881168
2018,Islamic Development Bank,Senegal,50,0,8.706006
2019,Islamic Development Bank,Senegal,68,0,8.954024
2019,International Development Association,Senegal,68,6.052891,643.64114
2019,African Development Fund,Senegal,68,0.32316,28.926391
2020,Islamic Development Bank,Senegal,65,0,9.459339
2020,African Development Fund,Senegal,65,0,17.625946
2020,International Development Association,Senegal,65,2.433785,352.877028
2018,Council of Europe Development Bank,Serbia,78,0,0.040452
2018,International Development Association,Serbia,78,0,0
2019,International Development Association,Serbia,80,0,0
2019,Council of Europe Development Bank,Serbia,80,0.166817,0.166817
2020,Council of Europe Development Bank,Serbia,57,0.14416,0.14416
2020,International Development Association,Serbia,57,0,0
2018,International Development Association,Sierra Leone,72,2.606677,31.178455
2018,Islamic Development Bank,Sierra Leone,72,0,4.232069
2018,African Development Bank,Sierra Leone,72,0,0
2018,African Development Fund,Sierra Leone,72,0,13.267759
2019,Islamic Development Bank,Sierra Leone,70,0.102771,3.000833
2019,International Development Association,Sierra Leone,70,2.631067,135.668492
2019,African Development Bank,Sierra Leone,70,0,0.026643
2019,African Development Fund,Sierra Leone,70,0,39.311644
2020,Islamic Development Bank,Sierra Leone,53,0,3.647833
2020,African Development Fund,Sierra Leone,53,0,46.307413
2020,International Development Association,Sierra Leone,53,6.848464,220.148401
2020,African Development Bank,Sierra Leone,53,0,0.032814
2018,Asian Development Bank,Solomon Islands,85,0,9.794849
2018,International Development Association,Solomon Islands,85,0.154035,5.803995
2019,Asian Development Bank,Solomon Islands,104,0,6.910913
2019,International Development Association,Solomon Islands,104,0.748873,11.36819
2020,Asian Development Bank,Solomon Islands,110,0,36.393876
2020,International Development Association,Solomon Islands,110,0.852445,30.940476
2018,African Development Bank,Somalia,6,0,0.101644
2018,African Development Fund,Somalia,6,0,6.537907
2018,International Development Association,Somalia,6,0,0
2018,Islamic Development Bank,Somalia,6,0,0
2019,Islamic Development Bank,Somalia,7,0,0.01336
2019,African Development Bank,Somalia,7,0,0
2019,International Development Association,Somalia,7,0,30.694196
2019,African Development Fund,Somalia,7,0,25.46289
2020,African Development Fund,Somalia,8,0,158.127328
2020,International Development Association,Somalia,8,0,570.648059
2020,African Development Bank,Somalia,8,0,0.008408
2020,Islamic Development Bank,Somalia,8,0.1,0.66
2018,Islamic Development Bank,"South & Central Asia, regional",,0,0
2019,Islamic Development Bank,"South & Central Asia, regional",,0,0.056524
2018,African Development Bank,South Africa,91,0,1.489717
2018,Islamic Development Bank,South Africa,91,0,0
2019,African Development Bank,South Africa,87,0,0.289613
2020,Islamic Development Bank,South Africa,77,0,0.1
2020,African Development Bank,South Africa,77,0,0.194172
2019,Development Bank of Latin America,"South America, regional",,0,0
2020,Inter-American Development Bank,"South America, regional",,0,2.272421
2020,Development Bank of Latin America,"South America, regional",,0,0
2019,Asian Development Bank,"South Asia, regional",,0,7.998217
2020,Asian Development Bank,"South Asia, regional",,0,5.277375
2020,International Development Association,"South Asia, regional",,1.978963,2.998429
2018,International Development Association,South Sudan,4,0,25.012034
2018,African Development Fund,South Sudan,4,0,13.342437
2019,International Development Association,South Sudan,5,0,81.923079
2019,African Development Fund,South Sudan,5,0,27.591694
2020,African Development Fund,South Sudan,3,0,30.231737
2020,International Development Association,South Sudan,3,2.910215,44.905466
2018,International Development Association,"South of Sahara, regional",,2.911133,55.639187
2019,International Development Association,"South of Sahara, regional",,0,5.451958
2020,International Development Association,"South of Sahara, regional",,0,3.005363
2020,Islamic Development Bank,"South of Sahara, regional",,0,0.022
2018,Asian Development Bank,Sri Lanka,53,0,94.161207
2018,International Development Association,Sri Lanka,53,16.05961,125.836401
2018,Asian Infrastructure Investment Bank,Sri Lanka,53,0,0.066069
2019,Asian Development Bank,Sri Lanka,58,0,129.771886
2019,International Development Association,Sri Lanka,58,18.115627,117.201484
2020,Asian Development Bank,Sri Lanka,72,0,128.029132
2020,International Development Association,Sri Lanka,72,13.482258,171.507993
2018,African Development Fund,Sudan,15,0,12.627558
2018,Islamic Development Bank,Sudan,15,0,0
2019,African Development Bank,Sudan,12,0,0
2019,African Development Fund,Sudan,12,0,24.430692
2020,African Development Fund,Sudan,10,0,26.802565
2020,Islamic Development Bank,Sudan,10,0,0.362278
2020,International Development Association,Sudan,10,0,100.638602
2018,Caribbean Development Bank,Suriname,107,0,0.08978
2018,Inter-American Development Bank,Suriname,107,0,2.829459
2018,Islamic Development Bank,Suriname,107,0,0.293683
2019,Inter-American Development Bank,Suriname,133,0,0.571645
2019,Islamic Development Bank,Suriname,133,0,0.923205
2019,Caribbean Development Bank,Suriname,133,0,13.515058
2020,Islamic Development Bank,Suriname,133,0,1.277717
2020,Inter-American Development Bank,Suriname,133,0,1.182541
2020,Caribbean Development Bank,Suriname,133,0,9.554
2018,Islamic Development Bank,Syrian Arab Republic,1,0,0
2019,Islamic Development Bank,Syrian Arab Republic,1,0,2.494119
2020,Islamic Development Bank,Syrian Arab Republic,1,0,0.921042
2018,Asian Development Bank,Tajikistan,74,0,72.255508
2018,International Development Association,Tajikistan,74,2.104963,86.056572
2018,Islamic Development Bank,Tajikistan,74,0,15.127469
2019,Asian Infrastructure Investment Bank,Tajikistan,82,0,0
2019,Islamic Development Bank,Tajikistan,82,0,6.831229
2019,Asian Development Bank,Tajikistan,82,0,95.067595
2019,International Development Association,Tajikistan,82,2.261702,72.98541
2020,Islamic Development Bank,Tajikistan,63,0,18.903318
2020,Asian Development Bank,Tajikistan,63,0,170.489744
2020,International Development Association,Tajikistan,63,2.767328,96.163857
2018,International Development Association,Tanzania,32,0,572.036113
2018,African Development Fund,Tanzania,32,0,153.006967
2018,Islamic Development Bank,Tanzania,32,0,0
2019,Islamic Development Bank,Tanzania,35,0,0.154156
2019,International Development Association,Tanzania,35,0,568.861606
2019,African Development Fund,Tanzania,35,0,128.288938
2020,African Development Fund,Tanzania,41,0,147.117881
2020,International Development Association,Tanzania,41,0,490.343762
2020,African Development Bank,Tanzania,41,0,0.032984
2018,Asian Development Bank,Thailand,49,0,0.148733
2018,Islamic Development Bank,Thailand,49,0,0
2018,Asian Development Bank,Timor-Leste,82,0,15.455299
2018,International Development Association,Timor-Leste,82,0,2.885973
2019,Asian Development Bank,Timor-Leste,90,0,16.869168
2019,International Development Association,Timor-Leste,90,0,4.288073
2020,Asian Development Bank,Timor-Leste,105,0,14.647369
2020,International Development Association,Timor-Leste,105,0,2.355871
2018,International Development Association,Togo,112,0.368782,70.383069
2018,African Development Fund,Togo,112,0,21.047344
2018,Islamic Development Bank,Togo,112,0,3.559889
2018,African Development Bank,Togo,112,0,0.056101
2019,Islamic Development Bank,Togo,105,0,4.937928
2019,International Development Association,Togo,105,0.950294,212.833359
2019,African Development Bank,Togo,105,0,0
2019,African Development Fund,Togo,105,0,16.065193
2020,Islamic Development Bank,Togo,113,0,6.614254
2020,African Development Fund,Togo,113,0,46.773618
2020,International Development Association,Togo,113,1.105747,148.999683
2018,Asian Development Bank,Tonga,62,0,9.523109
2018,International Development Association,Tonga,62,1.366339,16.643962
2019,Asian Development Bank,Tonga,106,0,15.28712
2019,International Development Association,Tonga,106,1.772264,16.361867
2020,Asian Development Bank,Tonga,79,0,31.06042
2020,International Development Association,Tonga,79,12.333094,50.766759
2018,African Development Bank,Tunisia,80,0.05119,0.750361
2018,Islamic Development Bank,Tunisia,80,0,0
2019,Islamic Development Bank,Tunisia,61,0,0.445892
2019,African Development Bank,Tunisia,61,0.020232,1.090719
2019,International Development Association,Tunisia,61,0,0
2020,Islamic Development Bank,Tunisia,78,0,0.53
2020,International Development Association,Tunisia,78,0,0
2020,African Development Bank,Tunisia,78,0,0.515038
2018,Council of Europe Development Bank,Turkey,11,0,23.795211
2018,Islamic Development Bank,Turkey,11,0,0.476521
2019,Islamic Development Bank,Turkey,4,0,1.972432
2019,International Development Association,Turkey,4,0,0
2019,Council of Europe Development Bank,Turkey,4,69.027738,69.027738
2020,Islamic Development Bank,Turkey,5,0,0.1185
2020,International Development Association,Turkey,5,0,0
2020,Council of Europe Development Bank,Turkey,5,0,0
2018,Asian Development Bank,Turkmenistan,140,0,0.184086
2018,Islamic Development Bank,Turkmenistan,140,0,0
2019,Islamic Development Bank,Turkmenistan,137,0,0
2019,Asian Development Bank,Turkmenistan,137,0,0.220463
2020,Islamic Development Bank,Turkmenistan,107,0,0
2020,Asian Development Bank,Turkmenistan,107,0,0.017495
2018,International Development Association,Tuvalu,126,0,10.600981
2018,Asian Development Bank,Tuvalu,126,0,1.178269
2019,Asian Development Bank,Tuvalu,134,0,8.193225
2019,International Development Association,Tuvalu,134,0.102391,2.599289
2020,Asian Development Bank,Tuvalu,116,0,7.434561
2020,International Development Association,Tuvalu,116,2.941444,17.427394
2018,International Development Association,Uganda,18,10.403993,222.712446
2018,Islamic Development Bank,Uganda,18,0,4.876641
2018,African Development Fund,Uganda,18,0,112.572895
2019,Islamic Development Bank,Uganda,16,0,5.731769
2019,International Development Association,Uganda,16,25.610892,413.776775
2019,African Development Fund,Uganda,16,0,88.412607
2020,Islamic Development Bank,Uganda,19,0,5.072538
2020,African Development Fund,Uganda,19,0,76.091269
2020,International Development Association,Uganda,19,25.550967,790.015898
2020,African Development Bank,Uganda,19,0,0.026107
2018,Asian Development Bank,Uzbekistan,128,0,61.262485
2018,International Development Association,Uzbekistan,128,0,671.241644
2018,Islamic Development Bank,Uzbekistan,128,0,0
2019,Islamic Development Bank,Uzbekistan,120,0,0
2019,Asian Development Bank,Uzbekistan,120,0,200.758208
2019,International Development Association,Uzbekistan,120,0,173.470506
2020,Asian Development Bank,Uzbekistan,112,0,202.358308
2020,Asian Infrastructure Investment Bank,Uzbekistan,112,0,0.082
2020,Islamic Development Bank,Uzbekistan,112,0,0.654535
2020,International Development Association,Uzbekistan,112,0.09,383.362165
2018,Asian Development Bank,Vanuatu,55,0,10.446162
2018,International Development Association,Vanuatu,55,12.726011,28.673943
2019,Asian Development Bank,Vanuatu,60,0,11.757468
2019,International Development Association,Vanuatu,60,16.779343,40.225305
2020,Asian Development Bank,Vanuatu,59,0,23.94102
2020,International Development Association,Vanuatu,59,8.638902,17.723374
2018,Inter-American Development Bank,Venezuela,42,0,0.727751
2018,Development Bank of Latin America,Venezuela,42,0,0
2019,Inter-American Development Bank,Venezuela,28,0,0.532669
2019,Development Bank of Latin America,Venezuela,28,0,0
2020,Inter-American Development Bank,Venezuela,30,0.2,1.009698
2020,Development Bank of Latin America,Venezuela,30,0,0
2018,Asian Development Bank,Viet Nam,39,0,365.666636
2018,International Development Association,Viet Nam,39,25.751568,739.69348
2019,Asian Development Bank,Viet Nam,37,0,185.108765
2019,International Development Association,Viet Nam,37,60.663703,640.186124
2020,Asian Development Bank,Viet Nam,34,0,261.005724
2020,International Development Association,Viet Nam,34,62.464623,675.040809
2018,Islamic Development Bank,West Bank and Gaza Strip,14,0,0
2019,Islamic Development Bank,West Bank and Gaza Strip,13,0,87.468836
2020,Islamic Development Bank,West Bank and Gaza Strip,14,0,73.885
2019,Islamic Development Bank,"Western Africa, regional",,0,0.280564
2019,International Development Association,"Western Africa, regional",,0.156915,53.494708
2020,Islamic Development Bank,"Western Africa, regional",,0,0.069
2020,International Development Association,"Western Africa, regional",,0.774288,30.562499
2020,African Development Bank,"Western Africa, regional",,0,0.024824
2020,African Development Fund,"Western Africa, regional",,0,0.427212
2018,International Development Association,Yemen,2,0,369.035806
2018,Islamic Development Bank,Yemen,2,0,7.435413
2019,Islamic Development Bank,Yemen,2,0,1.6521
2019,International Development Association,Yemen,2,0,589.109483
2020,International Development Association,Yemen,2,0,141.433118
2020,Islamic Development Bank,Yemen,2,0.2,0.562
2018,International Development Association,Zambia,63,0,142.479471
2018,African Development Fund,Zambia,63,0,19.504353
2018,African Development Bank,Zambia,63,0,1.672728
2018,Islamic Development Bank,Zambia,63,0,0
2019,International Development Association,Zambia,55,0,124.506638
2019,African Development Bank,Zambia,55,0,0.606746
2019,African Development Fund,Zambia,55,0,36.705158
2020,African Development Fund,Zambia,64,0,26.794412
2020,International Development Association,Zambia,64,0.832835,151.310303
2020,African Development Bank,Zambia,64,0,0.351626
2018,African Development Fund,Zimbabwe,35,0,11.681858
2018,African Development Bank,Zimbabwe,35,0,0.07643
2018,Islamic Development Bank,Zimbabwe,35,0,0
2019,African Development Bank,Zimbabwe,26,0,0.037357
2019,International Development Association,Zimbabwe,26,16.754474,31.612216
2019,African Development Fund,Zimbabwe,26,11.799291,21.520968
2020,Islamic Development Bank,Zimbabwe,20,0,0.2
2020,African Development Fund,Zimbabwe,20,0,19.697402
2020,International Development Association,Zimbabwe,20,7.393283,13.949591
2020,African Development Bank,Zimbabwe,20,0,0.024043
