"","region","ID","conflict","type","start","intensity_2020","intensity_2019","intensity_2018","intensity_2017","intensity_2016","autonomy","international_power","national_power","other","resources","secession","subnational_predominance","system_ideology","territory","items"
"1","Europe",11111,"Albania (opposition)","intrastate",2017,3,3,3,3,0,0,0,1,0,0,0,0,1,0,"national power;system/ideology"
"2","Europe",10048,"Armenia (opposition)","intrastate",2003,3,1,3,2,3,0,0,1,0,0,0,0,0,0,"national power"
"3","Europe",10192,"Armenia – Azerbaijan","interstate",1987,5,3,3,3,3,0,0,0,0,0,0,0,0,1,"territory"
"4","Europe",10022,"Armenia – Turkey","interstate",1991,2,1,1,1,1,0,1,0,1,0,0,0,0,0,"iternational power;other"
"5","Europe",10046,"Azerbaijan (Nagorno-Karabakh)","intrastate",1988,5,3,3,3,3,0,0,0,0,0,1,0,0,0,"secession"
"6","Europe",10012,"Azerbaijan (opposition)","intrastate",2003,3,2,2,3,2,0,0,1,0,0,0,0,1,0,"national power;system/ideology"
"7","Europe",10024,"Belarus (opposition)","intrastate",1994,3,2,2,3,1,0,0,1,0,0,0,0,1,0,"national power;system/ideology"
"8","Europe",10102,"Bosnia and Herzegovina (Republika Srpska)","intrastate",1995,1,2,2,2,1,0,0,0,0,0,1,0,0,0,"secession"
"9","Europe",11113,"Bulgaria (opposition)","intrastate",2020,3,0,0,0,0,0,0,1,0,0,0,0,1,0,"national power;system/ideology"
"10","Europe",11052,"Croatia (Serb minority – ethnic Croatians)","substate",1991,2,3,1,1,1,0,0,0,0,0,0,1,0,0,"subnational predominance"
"11","Europe",10103,"Croatia – Slovenia (border)","interstate",1991,1,1,1,1,1,0,0,0,0,0,0,0,0,1,"territory"
"12","Europe",10201,"Cyprus (Northern Cyprus°)","intrastate",1963,2,2,2,2,2,0,0,0,0,1,1,0,0,0,"resources;secession"
"13","Europe",10026,"Cyprus – Turkey","interstate",2005,2,2,2,2,2,0,1,0,0,0,0,0,0,1,"iternational power;territory"
"14","Europe",10212,"Cyprus, Greece et al. – Turkey (Eastern Mediterranean)","interstate",2020,2,0,0,0,0,0,1,0,0,1,0,0,1,0,"iternational power;resources;system/ideology"
"15","Europe",10037,"Estonia (Russian-speaking minority)","intrastate",1991,1,1,1,1,1,1,0,0,0,0,0,0,0,0,"autonomy"
"16","Europe",10038,"Estonia – Russia","interstate",1994,2,1,1,2,2,0,1,0,0,0,0,0,0,1,"iternational power;territory"
"17","Europe",10073,"EU, USA et. al – Russia","interstate",2007,2,2,2,2,2,0,1,0,0,0,0,0,1,0,"iternational power;system/ideology"
"18","Europe",10190,"France (Corsican nationalists / Corsica)","intrastate",1975,2,2,2,1,3,1,0,0,0,0,1,0,0,0,"autonomy;secession"
"19","Europe",10002,"Georgia (Abkhazia°)","intrastate",1989,2,3,2,2,3,0,0,0,0,0,1,0,0,0,"secession"
"20","Europe",10045,"Georgia (opposition)","intrastate",2007,3,3,3,3,3,0,0,1,0,0,0,0,0,0,"national power"
"21","Europe",10003,"Georgia (South Ossetia°)","intrastate",1989,3,3,3,2,2,0,0,0,0,0,1,1,0,0,"secession;subnational predominance"
"22","Europe",10001,"Georgia – Russia","interstate",1992,3,2,2,2,2,0,1,0,0,0,0,0,0,0,"iternational power"
"23","Europe",10004,"Germany (xenophobes)","intrastate",2014,3,3,3,3,3,0,0,0,0,0,0,0,1,0,"system/ideology"
"24","Europe",11089,"Greece (left-wing militants – right-wing militants)","substate",1976,2,2,3,3,3,0,0,0,0,0,0,0,1,0,"system/ideology"
"25","Europe",11088,"Greece (right-wing militants)","intrastate",1985,3,2,3,3,3,0,0,0,0,0,0,0,1,0,"system/ideology"
"26","Europe",10074,"Greece (social protests, left-wing militants)","intrastate",2010,3,3,3,3,3,0,0,0,0,0,0,0,1,0,"system/ideology"
"27","Europe",10202,"Greece – Turkey","interstate",1973,2,2,2,-99,-99,0,0,0,1,0,0,0,0,1,"other;territory"
"28","Europe",10211,"Hungary (right-wings – minorities)","substate",2008,2,1,1,2,2,0,0,0,0,0,0,1,1,0,"subnational predominance;system/ideology"
"29","Europe",10203,"Hungary – Romania, Slovakia, Ukraine (Hungarian minorities)","transstate",1989,2,2,2,1,1,1,1,0,0,0,0,0,0,0,"autonomy;iternational power"
"30","Europe",12005,"Kosovo° (opposition)","intrastate",2015,1,1,3,3,3,0,0,1,0,0,0,1,1,0,"national power;subnational predominance;system/ideology"
"31","Europe",10131,"Kosovo° – Serbia","interstate",1989,1,2,2,2,1,0,0,0,0,0,1,0,0,0,"secession"
"32","Europe",10182,"Latvia (Russian-speaking minority)","intrastate",1991,1,1,1,1,1,1,0,0,0,0,0,0,0,0,"autonomy"
"33","Europe",10183,"Latvia – Russia","interstate",1994,2,2,2,2,2,0,1,0,0,0,0,0,0,0,"iternational power"
"34","Europe",10085,"Moldova (opposition)","intrastate",2009,3,3,3,1,3,0,0,1,0,0,0,0,1,0,"national power;system/ideology"
"35","Europe",10181,"Moldova (Transnistria)","intrastate",1989,2,2,2,2,2,0,0,0,0,0,1,0,0,0,"secession"
"36","Europe",11112,"Montenegro (opposition)","intrastate",2015,3,3,NA,NA,NA,0,0,1,0,0,0,0,1,0,"national power;system/ideology"
"37","Europe",10133,"North Macedonia (Albanian minority – ethnic Macedonians)","substate",1991,1,2,2,3,1,0,0,0,0,0,0,1,0,0,"subnational predominance"
"38","Europe",12003,"North Macedonia (opposition)","intrastate",2014,1,1,3,3,3,0,0,1,0,0,0,0,1,0,"national power;system/ideology"
"39","Europe",10034,"Norway et al. – Russia (Arctic)","interstate",2001,2,2,2,2,1,0,1,0,0,1,0,0,0,1,"iternational power;resources;territory"
"40","Europe",12000,"Romania (opposition)","intrastate",2012,1,1,3,3,1,0,0,1,0,0,0,0,0,0,"national power"
"41","Europe",12002,"Russia (Islamist militants / North Caucasus)","intrastate",1991,3,3,3,3,3,0,0,0,0,0,1,0,1,0,"secession;system/ideology"
"42","Europe",10027,"Russia (opposition)","intrastate",2001,3,3,3,3,3,0,0,1,0,0,0,0,1,0,"national power;system/ideology"
"43","Europe",10231,"Russia – Ukraine","interstate",2003,2,2,3,2,2,0,1,0,0,1,0,0,0,1,"iternational power;resources;territory"
"44","Europe",11114,"Serbia (opposition)","intrastate",2018,3,3,NA,0,0,0,0,1,0,0,0,0,1,0,"national power;system/ideology"
"45","Europe",10081,"Spain (Basque Provinces)","intrastate",1959,1,1,1,1,3,1,0,0,0,0,1,0,0,0,"autonomy;secession"
"46","Europe",10035,"Spain (Catalan nationalists / Catalonia)","intrastate",1979,2,3,3,3,2,1,0,0,0,0,1,0,0,0,"autonomy;secession"
"47","Europe",10083,"Spain – United Kingdom (Gibraltar)","interstate",1954,2,2,2,2,1,0,0,0,0,0,0,0,0,1,"territory"
"48","Europe",10005,"Sweden (xenophobes)","intrastate",2015,3,3,3,3,3,0,0,0,0,0,0,0,1,0,"system/ideology"
"49","Europe",10112,"Ukraine (Crimean Tatars)","intrastate",1988,2,2,2,2,2,1,0,0,0,0,0,0,0,0,"autonomy"
"50","Europe",10110,"Ukraine (Donbas)","intrastate",2014,4,4,4,5,5,0,0,0,0,0,1,0,1,0,"secession;system/ideology"
"51","Europe",10109,"Ukraine (right-wing / opposition)","intrastate",2013,2,3,3,3,3,0,0,1,0,0,0,0,1,0,"national power;system/ideology"
"52","Europe",10161,"United Kingdom (nationalists / Northern Ireland)","intrastate",1968,3,3,3,3,3,0,0,0,0,0,1,0,0,0,"secession"
"53","Europe",10051,"United Kingdom (Scottish nationalists / Scotland)","intrastate",2007,2,2,2,2,1,0,0,0,0,0,1,0,0,0,"secession"
"54","sub-Saharan Africa",20077,"Angola (FLEC et al. / Cabinda)","intrastate",1975,3,3,3,3,3,0,0,0,0,0,1,0,0,0,"secession"
"55","sub-Saharan Africa",21032,"Burkina Faso (inter-communal rivalry)","substate",2016,4,3,3,3,3,0,0,0,0,1,0,1,0,0,"resources;subnational predominance"
"56","sub-Saharan Africa",21031,"Burkina Faso (opposition)","intrastate",2014,2,2,2,2,2,0,0,1,0,0,0,0,0,0,"national power"
"57","sub-Saharan Africa",20614,"Burundi (opposition)","intrastate",2006,3,3,3,3,3,0,0,1,0,0,0,0,1,0,"national power;system/ideology"
"58","sub-Saharan Africa",20025,"Burundi – Rwanda","interstate",2015,3,2,3,2,2,0,1,0,0,0,0,0,0,0,"iternational power"
"59","sub-Saharan Africa",20613,"Burundi, DR Congo (FNL, RED-Tabara, Forebu)","transstate",2005,3,3,3,3,3,0,0,1,0,0,0,0,0,0,"national power"
"60","sub-Saharan Africa",20707,"Cameroon (English-speaking-minority)","intrastate",2016,4,4,4,3,3,1,0,0,0,0,1,0,0,0,"autonomy;secession"
"61","sub-Saharan Africa",20091,"Côte d'Ivoire (militant groups)","intrastate",2012,1,1,3,2,2,0,0,1,0,0,0,0,0,0,"national power"
"62","sub-Saharan Africa",20885,"Côte d'Ivoire (opposition)","intrastate",1999,3,3,3,3,3,0,0,1,0,0,0,0,0,0,"national power"
"63","sub-Saharan Africa",21080,"Central African Republic (Anti-Balaka, ex-Séléka)","intrastate",2012,4,4,5,5,4,0,0,1,0,1,0,0,0,0,"national power;resources"
"64","sub-Saharan Africa",20086,"Central African Republic, DR Congo, South Sudan (LRA)","transstate",1987,3,3,3,3,3,0,0,0,0,1,0,0,0,0,"resources"
"65","sub-Saharan Africa",20605,"Chad (inter-communal rivalry)","substate",1947,3,3,3,3,3,0,0,0,0,0,0,1,0,0,"subnational predominance"
"66","sub-Saharan Africa",20606,"Chad (militant groups)","intrastate",2005,3,3,3,1,1,0,0,1,0,1,0,0,0,0,"national power;resources"
"67","sub-Saharan Africa",20607,"Chad (opposition)","intrastate",1990,3,3,3,3,3,0,0,1,0,0,0,0,0,0,"national power"
"68","sub-Saharan Africa",21300,"Djibouti (FRUD)","intrastate",1991,1,1,2,2,2,0,0,1,0,0,0,0,1,0,"national power;system/ideology"
"69","sub-Saharan Africa",21312,"Djibouti (opposition)","intrastate",2011,3,3,2,2,2,0,0,1,0,0,0,0,1,0,"national power;system/ideology"
"70","sub-Saharan Africa",21085,"Djibouti – Eritrea","interstate",2008,1,1,2,2,NA,0,0,0,0,0,0,0,0,1,"territory"
"71","sub-Saharan Africa",20089,"DR Congo (ADF)","intrastate",1995,5,4,4,4,4,0,0,0,0,1,0,1,1,0,"resources;subnational predominance;system/ideology"
"72","sub-Saharan Africa",20011,"DR Congo (Bantu – Batwa)","substate",2013,3,3,3,4,4,0,0,0,0,0,0,1,0,0,"subnational predominance"
"73","sub-Saharan Africa",20880,"DR Congo (ex-M23)","intrastate",2004,2,-99,1,3,3,0,0,1,0,0,0,0,0,0,"national power"
"74","sub-Saharan Africa",20619,"DR Congo (inter-communal rivalry / Kasai Oriental)","substate",2007,3,3,NA,NA,NA,0,0,0,0,0,0,1,0,0,"subnational predominance"
"75","sub-Saharan Africa",20210,"DR Congo (Ituri militias)","intrastate",1999,5,5,4,3,3,0,0,0,0,1,0,1,0,0,"resources;subnational predominance"
"76","sub-Saharan Africa",20887,"DR Congo (Kata Katanga)","intrastate",2011,3,3,1,1,3,0,0,0,0,1,0,1,0,0,"resources;subnational predominance"
"77","sub-Saharan Africa",20816,"DR Congo (KN)","intrastate",2016,2,3,3,5,4,0,0,0,0,0,0,1,0,0,"subnational predominance"
"78","sub-Saharan Africa",20617,"DR Congo (Mayi-Mayi et al.)","intrastate",2003,5,5,4,5,4,0,0,0,0,1,0,1,0,0,"resources;subnational predominance"
"79","sub-Saharan Africa",20013,"DR Congo (opposition)","intrastate",1997,3,3,3,3,3,0,0,1,0,0,0,0,0,0,"national power"
"80","sub-Saharan Africa",20180,"DR Congo – Rwanda","interstate",1998,1,2,3,2,2,0,1,0,0,0,0,0,0,0,"iternational power"
"81","sub-Saharan Africa",20618,"DR Congo, Rwanda (FDLR, CNRD)","transstate",1994,3,3,3,3,4,0,0,0,0,1,0,1,0,0,"resources;subnational predominance"
"82","sub-Saharan Africa",21200,"Egypt – Ethiopia, Sudan (GERD)","interstate",2011,2,2,2,2,1,0,0,0,0,1,0,0,0,0,"resources"
"83","sub-Saharan Africa",21310,"Eritrea (RSADO)","intrastate",1999,1,1,1,1,3,1,0,0,0,0,0,0,0,0,"autonomy"
"84","sub-Saharan Africa",20055,"eSwatini (opposition)","intrastate",1998,3,3,3,2,3,0,0,1,0,0,0,0,1,0,"national power;system/ideology"
"85","sub-Saharan Africa",23678,"Ethiopia (inter-communal rivalry)","substate",2017,5,3,5,5,0,0,0,0,0,1,0,1,0,0,"resources;subnational predominance"
"86","sub-Saharan Africa",20087,"Ethiopia (OLF / Oromia)","intrastate",1992,4,3,3,2,3,0,0,0,0,0,0,1,0,0,"subnational predominance"
"87","sub-Saharan Africa",20206,"Ethiopia (opposition)","intrastate",2005,4,3,3,3,3,0,0,1,0,0,0,0,1,0,"national power;system/ideology"
"88","sub-Saharan Africa",20801,"Ethiopia – Sudan","interstate",1902,3,1,NA,NA,NA,0,0,0,0,1,0,0,0,1,"resources;territory"
"89","sub-Saharan Africa",25987,"Ethiopia, Eritrea (TPLF / Tigray)","transstate",2020,5,0,0,0,0,0,0,0,0,0,0,0,1,0,"system/ideology"
"90","sub-Saharan Africa",20953,"Gabon (opposition)","intrastate",2009,1,3,2,3,3,0,0,1,0,0,0,0,0,0,"national power"
"91","sub-Saharan Africa",21202,"Gambia (opposition)","intrastate",2016,3,3,3,3,3,0,0,1,0,0,0,0,0,0,"national power"
"92","sub-Saharan Africa",21203,"Ghana (HSGF et al. / Western Togoland)","intrastate",2017,3,2,NA,NA,NA,0,0,0,0,0,1,0,0,0,"secession"
"93","sub-Saharan Africa",20311,"Guinea (opposition)","intrastate",2006,3,3,3,3,3,0,0,1,0,0,0,0,0,0,"national power"
"94","sub-Saharan Africa",20081,"Guinea Bissau (opposition)","intrastate",1998,2,3,1,3,3,0,0,1,0,0,0,0,1,0,"national power;system/ideology"
"95","sub-Saharan Africa",20082,"Kenya (inter-communal rivalry)","substate",1963,3,3,3,3,3,0,0,0,0,1,0,1,0,0,"resources;subnational predominance"
"96","sub-Saharan Africa",20000,"Kenya (MRC / Coast)","intrastate",2008,1,1,1,1,2,0,0,0,0,0,1,0,0,0,"secession"
"97","sub-Saharan Africa",20179,"Kenya (opposition)","intrastate",1999,1,2,2,3,3,0,0,1,0,0,0,0,0,0,"national power"
"98","sub-Saharan Africa",20056,"Mali (CMA et al. / Azawad)","intrastate",1989,1,1,1,3,2,1,0,0,0,0,0,0,0,0,"autonomy"
"99","sub-Saharan Africa",20122,"Mali (inter-communal rivalry / central Mali)","substate",2012,4,4,4,3,3,0,0,0,0,1,0,1,0,0,"resources;subnational predominance"
"100","sub-Saharan Africa",25001,"Mali (inter-militant rivalry / northern Mali)","substate",2012,3,3,3,3,3,0,0,0,0,0,0,1,0,0,"subnational predominance"
"101","sub-Saharan Africa",29987,"Mali (opposition)","intrastate",2012,3,3,3,3,3,0,0,1,0,0,0,0,0,0,"national power"
"102","sub-Saharan Africa",50061,"Mali, Burkina Faso et al. (JNIM, AQIM et al.)","transstate",1998,5,5,4,4,3,0,1,0,0,0,0,0,0,0,"iternational power"
"103","sub-Saharan Africa",20061,"Mali, Nigeria et al. (ISWAP / ISWAP-GS)","transstate",2015,5,5,NA,NA,NA,0,0,0,0,0,0,0,1,0,"system/ideology"
"104","sub-Saharan Africa",20006,"Mozambique (ASWJ)","intrastate",2017,5,4,3,3,0,0,0,0,0,0,0,0,1,0,"system/ideology"
"105","sub-Saharan Africa",21100,"Mozambique (RENAMO)","intrastate",2012,3,3,3,3,3,0,0,1,0,0,0,0,0,0,"national power"
"106","sub-Saharan Africa",20883,"Niger (opposition)","intrastate",2009,3,2,3,3,3,0,0,1,0,0,0,0,0,0,"national power"
"107","sub-Saharan Africa",20915,"Nigeria (Ansaru)","intrastate",2012,3,1,NA,NA,NA,0,0,0,0,0,0,0,1,0,"system/ideology"
"108","sub-Saharan Africa",20912,"Nigeria (APC supporters – PDP supporters)","substate",1960,3,3,3,3,4,0,0,1,0,0,0,0,1,0,"national power;system/ideology"
"109","sub-Saharan Africa",20914,"Nigeria (EndSARS)","intrastate",2020,3,0,0,0,0,0,0,0,0,0,0,0,1,0,"system/ideology"
"110","sub-Saharan Africa",20886,"Nigeria (farmers – pastoralists)","substate",1960,4,4,5,5,5,0,0,0,0,1,0,1,0,0,"resources;subnational predominance"
"111","sub-Saharan Africa",20047,"Nigeria (Ijaw groups / Niger Delta)","intrastate",1997,3,3,3,3,3,1,0,0,0,1,0,0,0,0,"autonomy;resources"
"112","sub-Saharan Africa",20118,"Nigeria (Islamic Movement)","intrastate",1991,3,3,3,3,3,0,0,0,0,0,0,0,1,0,"system/ideology"
"113","sub-Saharan Africa",20200,"Nigeria (pro-Biafra groups / Biafra)","intrastate",1967,3,3,3,3,3,0,0,0,0,0,1,0,0,0,"secession"
"114","sub-Saharan Africa",20952,"Nigeria, Chad et al. (JAS-Boko Haram)","transstate",2003,5,5,5,5,5,0,0,0,0,0,0,0,1,0,"system/ideology"
"115","sub-Saharan Africa",20117,"Republic of Congo (opposition)","intrastate",2015,1,1,1,2,2,0,0,1,0,0,0,0,0,0,"national power"
"116","sub-Saharan Africa",20950,"Rwanda (opposition)","intrastate",2003,1,1,1,2,2,0,0,1,0,0,0,0,0,0,"national power"
"117","sub-Saharan Africa",23576,"Rwanda – Uganda","interstate",2018,3,2,1,0,0,0,1,0,0,0,0,0,0,0,"iternational power"
"118","sub-Saharan Africa",20623,"Senegal (MFDC / Casamance)","intrastate",1982,2,2,3,2,3,0,0,0,0,0,1,0,0,0,"secession"
"119","sub-Saharan Africa",20909,"Sierra Leone (opposition)","intrastate",2007,3,3,3,3,3,0,0,1,0,0,0,0,0,0,"national power"
"120","sub-Saharan Africa",20378,"Somalia (ISS)","intrastate",2015,3,3,3,3,NA,0,0,1,0,0,0,0,0,0,"national power"
"121","sub-Saharan Africa",20904,"Somalia (Somaliland – Puntland)","substate",1998,3,3,4,2,3,0,0,0,0,0,0,1,0,0,"subnational predominance"
"122","sub-Saharan Africa",20052,"Somalia (Somaliland)","intrastate",1991,1,1,1,1,1,0,0,0,0,0,1,0,0,0,"secession"
"123","sub-Saharan Africa",21091,"Somalia (subclan rivalry)","substate",2012,3,3,3,3,3,0,0,0,0,0,0,1,0,0,"subnational predominance"
"124","sub-Saharan Africa",20624,"Somalia, Kenya (al-Shabaab)","transstate",2006,5,5,5,5,5,0,0,1,0,0,0,0,1,0,"national power;system/ideology"
"125","sub-Saharan Africa",21700,"South Africa (opposition)","intrastate",2015,3,3,3,3,3,0,0,1,0,0,0,0,1,0,"national power;system/ideology"
"126","sub-Saharan Africa",20003,"South Africa (socioeconomic protests)","intrastate",2018,3,3,3,0,0,0,0,0,0,0,0,0,1,0,"system/ideology"
"127","sub-Saharan Africa",20854,"South Africa (xenophobes)","substate",1994,3,3,3,3,3,0,0,0,0,0,0,0,1,0,"system/ideology"
"128","sub-Saharan Africa",20951,"South Sudan (inter-communal rivalry)","substate",2011,5,4,4,5,5,0,0,0,0,1,0,1,0,0,"resources;subnational predominance"
"129","sub-Saharan Africa",25002,"South Sudan (opposition)","intrastate",2011,4,3,2,3,3,0,0,1,0,0,0,0,1,0,"national power;system/ideology"
"130","sub-Saharan Africa",20906,"South Sudan – Sudan","interstate",2011,1,1,2,3,3,0,0,0,0,1,0,0,0,1,"resources;territory"
"131","sub-Saharan Africa",20908,"South Sudan, Sudan (inter-communal rivalry / Abyei)","substate",2011,3,3,3,3,3,0,0,0,0,1,0,1,0,0,"resources;subnational predominance"
"132","sub-Saharan Africa",20111,"Sudan (Darfur)","intrastate",2003,4,3,5,5,5,1,0,0,0,0,0,0,0,0,"autonomy"
"133","sub-Saharan Africa",21084,"Sudan (inter-communal rivalry)","substate",2007,3,4,3,4,4,0,0,0,0,1,0,1,0,0,"resources;subnational predominance"
"134","sub-Saharan Africa",21210,"Sudan (opposition)","intrastate",2011,3,4,3,3,3,0,0,1,0,0,0,0,1,0,"national power;system/ideology"
"135","sub-Saharan Africa",20907,"Sudan (SPLM/A-North / South Kordofan, Blue Nile)","intrastate",2011,1,2,3,3,5,1,0,0,0,1,0,0,0,0,"autonomy;resources"
"136","sub-Saharan Africa",20002,"Tanzania (opposition)","intrastate",1993,3,1,3,3,3,0,0,1,0,0,0,0,1,0,"national power;system/ideology"
"137","sub-Saharan Africa",20101,"Togo (opposition)","intrastate",1963,3,3,3,3,3,0,0,1,0,0,0,0,0,0,"national power"
"138","sub-Saharan Africa",20903,"Uganda (opposition)","intrastate",2001,3,3,3,3,3,0,0,1,0,0,0,0,0,0,"national power"
"139","sub-Saharan Africa",20001,"Zimbabwe (opposition)","intrastate",2000,3,3,3,3,3,0,0,1,0,0,0,0,1,0,"national power;system/ideology"
"140","the Americas",30062,"Argentina – United Kingdom (Falkland Islands / Islas Malvinas)","interstate",1833,1,1,1,1,1,0,0,0,0,1,0,0,0,1,"resources;territory"
"141","the Americas",30053,"Belize – Guatemala","interstate",1981,2,2,2,2,3,0,0,0,0,0,0,0,0,1,"territory"
"142","the Americas",30422,"Bolivia (opposition)","intrastate",2017,3,3,NA,NA,0,0,0,1,0,0,0,0,1,0,"national power;system/ideology"
"143","the Americas",30022,"Bolivia (socioeconomic protests)","intrastate",1983,3,3,3,3,3,0,0,0,0,1,0,0,1,0,"resources;system/ideology"
"144","the Americas",31055,"Bolivia – Chile (access to sea)","interstate",1883,1,1,1,1,1,0,0,0,0,1,0,0,0,1,"resources;territory"
"145","the Americas",32014,"Brazil (drug trafficking organizations)","intrastate",2008,5,5,4,4,4,0,0,0,0,0,0,1,0,0,"subnational predominance"
"146","the Americas",32332,"Brazil (indigenous groups)","intrastate",1985,3,3,3,3,2,1,0,0,0,1,0,0,0,0,"autonomy;resources"
"147","the Americas",30174,"Brazil (MST, MTST)","intrastate",1996,3,3,3,3,3,0,0,0,0,1,0,0,0,0,"resources"
"148","the Americas",32333,"Brazil (social protests)","intrastate",2014,3,3,3,3,3,0,0,0,0,0,0,0,1,0,"system/ideology"
"149","the Americas",30267,"Chile (anarchist groups)","intrastate",2014,3,3,3,3,2,0,0,0,0,0,0,0,1,0,"system/ideology"
"150","the Americas",30257,"Chile (Mapuche / Araucania)","intrastate",2008,3,3,3,3,3,1,0,0,0,0,0,0,0,0,"autonomy"
"151","the Americas",32010,"Chile (Rapa Nui / Easter Island)","intrastate",2010,1,1,1,1,1,0,0,0,0,0,1,0,0,0,"secession"
"152","the Americas",30266,"Chile (social movements)","intrastate",2006,3,3,3,3,3,0,0,0,0,0,0,0,1,0,"system/ideology"
"153","the Americas",30265,"Chile – United Kingdom (Antarctica)","interstate",2007,1,1,1,1,1,0,0,0,0,0,0,0,0,1,"territory"
"154","the Americas",30321,"Colombia (artisanal miners / Antioquia)","intrastate",2017,1,1,2,3,0,0,0,0,0,1,0,0,0,0,"resources"
"155","the Americas",30225,"Colombia (ASCAMCAT / Catatumbo)","intrastate",2013,3,2,2,3,1,1,0,0,0,1,0,0,1,0,"autonomy;resources;system/ideology"
"156","the Americas",30226,"Colombia (Cumbre Agraria)","intrastate",2013,1,2,2,1,3,0,0,0,0,0,0,0,1,0,"system/ideology"
"157","the Americas",30003,"Colombia (ELN)","intrastate",1964,4,3,3,4,4,0,0,0,0,1,0,1,1,0,"resources;subnational predominance;system/ideology"
"158","the Americas",30228,"Colombia (FARC dissidents, left-wing militants)","intrastate",2017,3,3,3,3,0,0,0,0,0,1,0,1,1,0,"resources;subnational predominance;system/ideology"
"159","the Americas",30227,"Colombia (indigenous groups)","intrastate",2005,3,3,3,3,3,0,0,0,0,1,0,0,0,0,"resources"
"160","the Americas",30011,"Colombia (inter-cartel rivalry, neo-paramilitary groups, left-wing militants)","substate",2013,4,4,4,4,4,0,0,0,0,1,0,1,0,0,"resources;subnational predominance"
"161","the Americas",30006,"Colombia (neo-paramilitary groups, drug cartels)","intrastate",1983,3,4,4,4,3,0,0,0,0,1,0,1,0,0,"resources;subnational predominance"
"162","the Americas",30236,"Colombia – Nicaragua (sea border)","interstate",1825,1,2,2,2,2,0,0,0,0,1,0,0,0,1,"resources;territory"
"163","the Americas",33001,"Colombia – Venezuela (border security)","interstate",2015,2,2,2,2,2,0,0,0,1,0,0,0,0,0,"other"
"164","the Americas",30005,"Colombia – Venezuela (Monjes Islands)","interstate",1871,1,1,1,1,1,0,0,0,0,1,0,0,0,1,"resources;territory"
"165","the Americas",31009,"Cuba – USA (Guantanamo)","interstate",1959,1,1,1,1,1,0,0,0,0,0,0,0,0,1,"territory"
"166","the Americas",30071,"Cuba – USA (system)","interstate",1960,2,2,2,2,2,0,1,0,0,0,0,0,1,0,"iternational power;system/ideology"
"167","the Americas",33101,"Dominican Republic (anti-corruption)","substate",2017,1,2,2,3,0,0,0,0,1,0,0,0,1,0,"other;system/ideology"
"168","the Americas",32011,"Dominican Republic – Haiti","interstate",2009,3,3,3,3,3,0,0,0,1,0,0,0,0,0,"other"
"169","the Americas",30007,"Ecuador (opposition)","intrastate",1980,3,3,2,2,3,0,0,0,0,1,0,0,1,0,"resources;system/ideology"
"170","the Americas",32024,"El Salvador (inter-gang rivalry)","substate",2003,3,3,3,3,3,0,0,0,0,0,0,1,0,0,"subnational predominance"
"171","the Americas",32022,"El Salvador (Maras)","intrastate",2003,3,3,3,4,4,0,0,0,0,0,0,1,0,0,"subnational predominance"
"172","the Americas",32204,"El Salvador (opposition)","intrastate",2020,2,0,0,0,0,0,0,1,0,0,0,0,1,0,"national power;system/ideology"
"173","the Americas",32012,"Guatemala (drug cartels)","intrastate",2009,3,3,3,2,2,0,0,0,0,1,0,1,0,0,"resources;subnational predominance"
"174","the Americas",32016,"Guatemala (opposition)","intrastate",1985,3,3,3,3,3,0,0,0,0,0,0,0,1,0,"system/ideology"
"175","the Americas",33002,"Guyana – Venezuela","interstate",2015,2,2,2,1,2,0,0,0,0,0,0,0,0,1,"territory"
"176","the Americas",30066,"Haiti (opposition)","intrastate",1986,3,3,3,3,3,0,0,1,0,0,0,0,1,0,"national power;system/ideology"
"177","the Americas",32013,"Honduras (Bajo Aguán)","substate",2012,2,3,3,3,3,0,0,0,0,1,0,0,0,0,"resources"
"178","the Americas",32019,"Honduras (drug trafficking organizations, organized crime)","intrastate",2012,3,3,3,3,3,0,0,0,0,1,0,1,0,0,"resources;subnational predominance"
"179","the Americas",32017,"Honduras (opposition)","intrastate",2009,2,3,3,3,3,0,0,1,0,1,0,0,1,0,"national power;resources;system/ideology"
"180","the Americas",32023,"Honduras – El Salvador (Isla Conejo)","interstate",2013,1,2,2,1,2,0,0,0,0,0,0,0,0,1,"territory"
"181","the Americas",32015,"Jamaica (drug gangs)","intrastate",2010,3,3,3,3,3,0,0,0,0,0,0,1,0,0,"subnational predominance"
"182","the Americas",30232,"Mexico (CNTE)","intrastate",2006,3,2,3,3,3,0,0,0,0,0,0,0,1,0,"system/ideology"
"183","the Americas",30256,"Mexico (drug cartels)","intrastate",2006,4,5,5,5,5,0,0,0,0,1,0,1,0,0,"resources;subnational predominance"
"184","the Americas",30051,"Mexico (EZLN / Chiapas)","intrastate",1994,1,-99,2,2,2,1,0,0,1,1,0,0,1,0,"autonomy;other;resources;system/ideology"
"185","the Americas",30055,"Mexico (inter-cartel rivalry, paramilitary groups)","substate",2005,4,4,4,4,4,0,0,0,0,1,0,1,0,0,"resources;subnational predominance"
"186","the Americas",30231,"Mexico (opposition)","intrastate",2006,1,1,3,3,3,0,0,1,0,0,0,0,0,0,"national power"
"187","the Americas",30081,"Mexico (public security)","intrastate",2014,3,3,3,3,3,0,0,0,0,0,0,0,1,0,"system/ideology"
"188","the Americas",30233,"Mexico – USA (border security)","interstate",2005,3,2,3,3,3,0,0,0,1,0,0,0,0,0,"other"
"189","the Americas",33003,"Nicaragua (indigenous groups)","intrastate",2015,3,3,3,3,3,1,0,0,0,1,0,0,0,0,"autonomy;resources"
"190","the Americas",30264,"Nicaragua (opposition)","intrastate",2008,3,3,4,3,3,0,0,1,0,0,0,0,1,0,"national power;system/ideology"
"191","the Americas",30234,"Paraguay (EPP, agrarian movements)","intrastate",1989,3,3,3,3,3,0,0,0,0,1,0,0,1,0,"resources;system/ideology"
"192","the Americas",30263,"Peru (opposition)","intrastate",2008,3,3,3,3,3,0,0,0,0,1,0,0,1,0,"resources;system/ideology"
"193","the Americas",30401,"Peru (Shining Path)","intrastate",1980,3,3,3,3,3,0,0,0,0,1,0,1,1,0,"resources;subnational predominance;system/ideology"
"194","the Americas",32885,"USA (racial tensions)","intrastate",2014,3,2,2,2,3,0,0,0,0,0,0,0,1,0,"system/ideology"
"195","the Americas",32887,"USA (right-wing extremists)","intrastate",1990,3,3,3,3,3,0,0,0,0,0,0,0,1,0,"system/ideology"
"196","the Americas",30235,"USA – Venezuela","interstate",2001,2,2,2,2,2,0,1,0,0,0,0,0,1,0,"iternational power;system/ideology"
"197","the Americas",30001,"Venezuela (opposition)","intrastate",1992,3,3,3,3,3,0,0,1,0,0,0,0,1,0,"national power;system/ideology"
"198","Asia and Oceania",41014,"Bangladesh (Chittagong Hill Tracts)","intrastate",1971,3,3,3,3,3,1,0,0,0,0,0,1,0,0,"autonomy;subnational predominance"
"199","Asia and Oceania",40452,"Bangladesh (Islamist groups)","intrastate",1971,3,3,3,3,3,0,0,0,0,0,0,1,1,0,"subnational predominance;system/ideology"
"200","Asia and Oceania",40042,"Bangladesh (opposition)","intrastate",1991,3,3,3,3,3,0,0,1,0,0,0,0,1,0,"national power;system/ideology"
"201","Asia and Oceania",40499,"Bangladesh (RMG workers)","intrastate",2006,3,3,3,3,3,0,0,0,1,0,0,0,0,0,"other"
"202","Asia and Oceania",40023,"Cambodia (opposition)","intrastate",1997,2,2,2,2,3,0,0,1,0,0,0,0,1,0,"national power;system/ideology"
"203","Asia and Oceania",40219,"Cambodia – Vietnam","interstate",1969,1,1,1,1,1,0,0,0,0,0,0,0,0,1,"territory"
"204","Asia and Oceania",41089,"China (Christians)","intrastate",1949,3,3,3,3,3,0,0,0,0,0,0,0,1,0,"system/ideology"
"205","Asia and Oceania",40073,"China (Falun Gong et al.)","intrastate",1999,2,2,2,3,3,0,0,0,0,0,0,0,1,0,"system/ideology"
"206","Asia and Oceania",40074,"China (Hong Kong)","intrastate",1997,3,3,2,3,3,1,0,0,0,0,1,0,1,0,"autonomy;secession;system/ideology"
"207","Asia and Oceania",40218,"China (Hui)","intrastate",1949,2,2,3,1,1,0,0,0,0,0,0,0,1,0,"system/ideology"
"208","Asia and Oceania",42031,"China (Inner Mongolia)","intrastate",1981,2,2,2,3,3,1,0,0,0,1,0,1,0,0,"autonomy;resources;subnational predominance"
"209","Asia and Oceania",41090,"China (socioeconomic protests)","intrastate",1978,1,3,3,3,3,0,0,0,1,1,0,0,0,0,"other;resources"
"210","Asia and Oceania",40076,"China (Taiwan°)","intrastate",1949,2,2,2,2,2,0,0,0,0,0,1,0,1,0,"secession;system/ideology"
"211","Asia and Oceania",40071,"China (Tibet)","intrastate",1950,2,2,3,3,3,1,0,0,0,1,0,0,1,0,"autonomy;resources;system/ideology"
"212","Asia and Oceania",40072,"China (Uyghurs / Xinjiang)","intrastate",1949,2,2,2,3,3,0,0,0,0,0,1,0,1,0,"secession;system/ideology"
"213","Asia and Oceania",40075,"China – India","interstate",1954,3,1,1,2,2,0,1,0,0,1,0,0,0,1,"iternational power;resources;territory"
"214","Asia and Oceania",40098,"China – Japan (East China Sea)","interstate",1971,2,2,2,2,2,0,1,0,1,1,0,0,0,1,"iternational power;other;resources;territory"
"215","Asia and Oceania",40029,"China – USA","interstate",1949,2,2,2,2,2,0,1,0,0,0,0,0,1,0,"iternational power;system/ideology"
"216","Asia and Oceania",40091,"China – Vietnam et al. (South China Sea)","interstate",1951,3,3,2,3,3,0,1,0,0,1,0,0,0,1,"iternational power;resources;territory"
"217","Asia and Oceania",40044,"Fiji – Tonga (Minerva Reefs)","interstate",2005,1,1,1,1,1,0,0,0,0,0,0,0,0,1,"territory"
"218","Asia and Oceania",40050,"India (Dalits / Adivasis)","intrastate",1950,3,3,3,3,3,0,0,0,0,0,0,1,1,0,"subnational predominance;system/ideology"
"219","Asia and Oceania",40010,"India (GJM et al. / West Bengal)","intrastate",1907,1,1,1,3,2,1,0,0,0,0,0,0,0,0,"autonomy"
"220","Asia and Oceania",40271,"India (GNLA et al. / Meghalaya)","intrastate",1992,3,3,3,3,3,1,0,0,0,0,0,0,0,0,"autonomy"
"221","Asia and Oceania",41070,"India (Hindus – Christians)","substate",1999,3,3,3,3,3,0,0,0,0,0,0,1,0,0,"subnational predominance"
"222","Asia and Oceania",40032,"India (Hindus – Muslims)","substate",1947,3,3,3,3,3,0,0,0,0,0,0,1,0,0,"subnational predominance"
"223","Asia and Oceania",40242,"India (inter-ethnic rivalry / Assam)","substate",1979,3,3,3,3,3,0,0,0,1,0,0,1,0,0,"other;subnational predominance"
"224","Asia and Oceania",41071,"India (Islamist militant groups)","intrastate",2000,3,2,2,3,3,0,0,0,0,0,0,0,1,0,"system/ideology"
"225","Asia and Oceania",40034,"India (Kashmir)","intrastate",1947,3,3,3,3,3,1,0,0,0,0,1,0,0,0,"autonomy;secession"
"226","Asia and Oceania",40187,"India (Kukis– Nagas)","substate",1992,3,2,1,2,3,0,0,0,0,0,0,1,0,0,"subnational predominance"
"227","Asia and Oceania",43001,"India (Mafia Raj)","intrastate",1986,3,3,3,3,3,0,0,0,1,1,0,1,0,0,"other;resources;subnational predominance"
"228","Asia and Oceania",40270,"India (Manipur)","intrastate",1964,3,3,3,3,3,1,0,0,0,0,1,0,0,0,"autonomy;secession"
"229","Asia and Oceania",40184,"India (Nagalim)","intrastate",1947,3,3,3,3,3,1,0,0,0,0,1,0,0,0,"autonomy;secession"
"230","Asia and Oceania",40174,"India (Naxalites)","intrastate",1967,3,3,4,3,4,0,0,0,0,0,0,0,1,0,"system/ideology"
"231","Asia and Oceania",41016,"India (NLFT factions et al. / Tripura)","intrastate",1978,1,1,2,3,1,1,0,0,0,0,1,0,0,0,"autonomy;secession"
"232","Asia and Oceania",43000,"India (Patels et al.)","intrastate",1981,2,3,3,3,3,0,0,0,1,0,0,0,0,0,"other"
"233","Asia and Oceania",40311,"India (Sikhs – DSS)","substate",2007,3,-99,1,2,3,0,0,0,0,0,0,1,0,0,"subnational predominance"
"234","Asia and Oceania",41017,"India (Sikhs)","intrastate",1947,3,2,3,3,3,0,0,0,0,0,1,0,0,0,"secession"
"235","Asia and Oceania",41010,"India (TJAC / Telangana)","intrastate",1969,1,2,1,3,2,1,0,0,0,0,0,0,0,0,"autonomy"
"236","Asia and Oceania",41085,"India (ULFA-I et al. / Assam)","intrastate",1979,3,3,3,3,3,1,0,0,0,0,1,0,0,0,"autonomy;secession"
"237","Asia and Oceania",40035,"India – Pakistan","interstate",1947,3,4,4,3,4,0,1,0,0,1,0,0,0,1,"iternational power;resources;territory"
"238","Asia and Oceania",41093,"Indonesia (Aceh regional government – opposition / Aceh)","intrastate",2006,1,1,1,2,2,0,0,0,0,1,0,1,0,0,"resources;subnational predominance"
"239","Asia and Oceania",40051,"Indonesia (Aceh)","intrastate",1953,1,1,1,1,1,1,0,0,0,1,0,0,0,0,"autonomy;resources"
"240","Asia and Oceania",41092,"Indonesia (Ahmadi)","substate",1980,2,2,2,2,2,0,0,0,0,0,0,1,0,0,"subnational predominance"
"241","Asia and Oceania",40101,"Indonesia (Christians – Muslims)","intrastate",1998,3,3,3,3,3,0,0,0,0,0,0,1,0,0,"subnational predominance"
"242","Asia and Oceania",40052,"Indonesia (Islamist militant groups)","intrastate",1981,3,3,3,3,3,0,0,0,0,0,0,0,1,0,"system/ideology"
"243","Asia and Oceania",40055,"Indonesia (Papua)","intrastate",1961,3,4,3,3,3,0,0,0,0,1,1,0,0,0,"resources;secession"
"244","Asia and Oceania",40251,"Indonesia – Timor-Leste","interstate",2002,1,1,1,1,1,0,0,0,1,0,0,0,0,1,"other;territory"
"245","Asia and Oceania",40006,"Japan – Russia","interstate",1945,1,2,2,2,2,0,1,0,0,0,0,0,0,1,"iternational power;territory"
"246","Asia and Oceania",40007,"Japan – South Korea","interstate",1951,2,2,2,1,1,0,0,0,1,0,0,0,0,1,"other;territory"
"247","Asia and Oceania",40008,"Japan, South Korea, USA – North Korea","interstate",1990,2,2,2,2,2,0,1,0,1,0,0,0,1,0,"iternational power;other;system/ideology"
"248","Asia and Oceania",42034,"Kazakhstan (Islamist groups)","intrastate",2011,1,1,1,1,3,0,0,1,0,0,0,0,1,0,"national power;system/ideology"
"249","Asia and Oceania",40232,"Kazakhstan (opposition)","intrastate",2004,2,2,2,2,2,0,0,1,0,0,0,0,1,0,"national power;system/ideology"
"250","Asia and Oceania",40260,"Kyrgyzstan (opposition)","intrastate",2005,3,2,2,2,2,0,0,1,0,0,0,0,1,0,"national power;system/ideology"
"251","Asia and Oceania",42035,"Kyrgyzstan – Uzbekistan – Tajikistan (border communities / Fergana Valley)","transstate",2000,3,3,3,3,3,0,1,0,0,0,0,0,0,1,"iternational power;territory"
"252","Asia and Oceania",42036,"Laos (Christians)","intrastate",1975,2,2,1,1,1,0,0,0,0,0,0,0,1,0,"system/ideology"
"253","Asia and Oceania",40017,"Laos (Hmong)","intrastate",1975,3,2,3,1,1,1,0,0,0,0,0,0,1,0,"autonomy;system/ideology"
"254","Asia and Oceania",40024,"Malaysia (eastern Sabah)","intrastate",2013,1,-99,-99,1,2,0,0,0,0,0,1,0,0,0,"secession"
"255","Asia and Oceania",41029,"Malaysia (Malay – Chinese, Indian, Indigenous Malaysians)","substate",1946,1,1,1,1,1,0,0,0,0,0,0,1,1,0,"subnational predominance;system/ideology"
"256","Asia and Oceania",40012,"Malaysia – Singapore","interstate",1963,1,1,2,1,1,0,0,0,0,0,0,0,0,1,"territory"
"257","Asia and Oceania",40220,"Maldives (opposition)","intrastate",2003,3,2,3,2,3,0,0,1,0,0,0,0,0,0,"national power"
"258","Asia and Oceania",40509,"Myanmar (AA / Rakhine State)","intrastate",2015,4,4,3,3,3,1,0,0,0,0,0,0,0,0,"autonomy"
"259","Asia and Oceania",40331,"Myanmar (KIA, KIO / Kachin State)","intrastate",1961,3,3,4,3,4,1,0,0,0,1,0,0,0,0,"autonomy;resources"
"260","Asia and Oceania",40320,"Myanmar (KNU, KNLA, DKBA et al. / Karen State, Kayah State)","intrastate",1948,4,3,3,3,3,1,0,0,0,0,0,0,0,0,"autonomy"
"261","Asia and Oceania",45002,"Myanmar (MNDAA / Shan State)","intrastate",1989,3,2,3,3,3,0,0,0,0,1,0,1,0,0,"resources;subnational predominance"
"262","Asia and Oceania",40021,"Myanmar (opposition)","intrastate",1962,3,3,3,1,1,0,0,1,0,0,0,0,1,0,"national power;system/ideology"
"263","Asia and Oceania",41266,"Myanmar (Rohingya)","intrastate",2012,3,3,4,5,4,0,0,0,1,0,0,1,0,0,"other;subnational predominance"
"264","Asia and Oceania",40043,"Myanmar (socioeconomic protests)","intrastate",2012,3,3,1,1,3,0,0,0,0,1,0,0,0,0,"resources"
"265","Asia and Oceania",40321,"Myanmar (SSA / Shan State)","intrastate",1953,3,3,3,3,2,1,0,0,0,0,0,0,0,0,"autonomy"
"266","Asia and Oceania",40330,"Myanmar (TNLA / Shan State)","intrastate",2013,3,3,3,3,4,0,0,0,0,1,0,1,0,0,"resources;subnational predominance"
"267","Asia and Oceania",40332,"Myanmar (TNLA – RCSS / Shan State)","substate",2015,3,3,3,2,3,0,0,0,0,0,0,1,0,0,"subnational predominance"
"268","Asia and Oceania",40333,"Myanmar (UWSA, NDAA / Shan State)","intrastate",1988,1,2,1,1,2,1,0,0,0,0,0,0,0,0,"autonomy"
"269","Asia and Oceania",40302,"Nepal (Madhesis, Tharus / Terai)","intrastate",2004,2,3,3,3,3,1,0,0,0,0,0,0,0,0,"autonomy"
"270","Asia and Oceania",40065,"Nepal (opposition)","intrastate",2008,2,3,3,3,3,0,0,1,0,0,0,0,1,0,"national power;system/ideology"
"271","Asia and Oceania",42010,"Nepal (right-wing Hindu groups)","intrastate",2006,2,3,3,3,3,0,0,0,0,0,0,0,1,0,"system/ideology"
"272","Asia and Oceania",40004,"North Korea – South Korea","interstate",1948,3,2,2,2,2,0,1,0,0,0,0,0,1,1,"iternational power;system/ideology;territory"
"273","Asia and Oceania",45003,"North Korea, China (defectors)","transstate",2000,2,3,2,3,3,0,0,0,1,0,0,0,1,0,"other;system/ideology"
"274","Asia and Oceania",40244,"Pakistan (Balochistan)","intrastate",1948,3,3,3,3,3,0,0,0,0,1,1,0,0,0,"resources;secession"
"275","Asia and Oceania",40301,"Pakistan (Islamist militant groups)","intrastate",2001,3,3,4,4,5,0,0,1,0,0,0,0,1,0,"national power;system/ideology"
"276","Asia and Oceania",40313,"Pakistan (opposition)","intrastate",1973,3,2,3,3,3,0,0,1,0,0,0,0,1,0,"national power;system/ideology"
"277","Asia and Oceania",42100,"Pakistan (Pashtuns / PTM)","intrastate",2018,3,3,3,0,0,1,0,0,0,0,0,0,0,0,"autonomy"
"278","Asia and Oceania",42013,"Pakistan (Sindh)","intrastate",1947,3,2,3,3,3,0,0,0,0,1,0,1,0,0,"resources;subnational predominance"
"279","Asia and Oceania",40245,"Pakistan (Sunni militants – religious groups)","intrastate",1985,3,3,3,3,3,0,0,0,0,0,0,1,0,0,"subnational predominance"
"280","Asia and Oceania",42004,"Pakistan – USA","interstate",2003,1,1,1,1,1,0,0,0,1,0,0,0,0,0,"other"
"281","Asia and Oceania",42045,"Papua New Guinea (Bougainville)","intrastate",1964,1,1,1,1,1,1,0,0,0,1,0,0,0,0,"autonomy;resources"
"282","Asia and Oceania",40036,"Papua New Guinea (opposition)","intrastate",2011,1,2,2,3,3,0,0,1,0,0,0,0,1,0,"national power;system/ideology"
"283","Asia and Oceania",41061,"Papua New Guinea (socioeconomic protests)","intrastate",1995,1,2,2,3,2,1,0,0,0,1,0,0,0,0,"autonomy;resources"
"284","Asia and Oceania",40039,"Papua New Guinea (tribal tensions)","substate",1975,3,3,3,3,3,0,0,0,0,1,0,1,0,0,"resources;subnational predominance"
"285","Asia and Oceania",40030,"Papua New Guinea (urban tensions)","substate",1975,1,2,2,2,2,0,0,0,0,0,0,1,0,0,"subnational predominance"
"286","Asia and Oceania",41094,"Philippines (BIFM, BIFF – government)","intrastate",2008,3,4,4,4,4,0,0,0,0,0,1,1,0,0,"secession;subnational predominance"
"287","Asia and Oceania",40005,"Philippines (CPP, NPA)","intrastate",1968,4,3,3,3,3,0,0,0,0,0,0,0,1,0,"system/ideology"
"288","Asia and Oceania",40003,"Philippines (Islamist militant groups)","intrastate",1991,4,4,4,5,NA,0,0,0,0,0,0,0,1,0,"system/ideology"
"289","Asia and Oceania",41095,"Philippines (MILF – MNLF)","substate",2009,3,2,3,3,3,0,0,0,0,0,0,1,0,0,"subnational predominance"
"290","Asia and Oceania",40002,"Philippines (MILF)","intrastate",1977,2,3,3,3,3,1,0,0,0,1,0,0,1,0,"autonomy;resources;system/ideology"
"291","Asia and Oceania",40009,"Philippines (MNLF)","intrastate",1969,2,2,2,2,2,0,0,0,0,1,1,0,1,0,"resources;secession;system/ideology"
"292","Asia and Oceania",40204,"Sri Lanka (inter-religious tensions)","substate",1948,3,3,3,3,1,0,0,0,0,0,0,0,1,0,"system/ideology"
"293","Asia and Oceania",40200,"Sri Lanka (Northern Province, Eastern Province)","intrastate",2009,3,3,2,2,3,1,0,0,0,0,0,0,1,0,"autonomy;system/ideology"
"294","Asia and Oceania",40231,"Tajikistan (Islamist groups)","intrastate",1997,2,3,3,3,3,0,0,1,0,0,0,0,1,0,"national power;system/ideology"
"295","Asia and Oceania",40175,"Thailand (Islamist separatists / Southern Border Provinces)","intrastate",1902,3,3,3,3,3,0,0,0,0,0,1,0,1,0,"secession;system/ideology"
"296","Asia and Oceania",41074,"Thailand (opposition)","intrastate",2006,3,1,1,1,1,0,0,1,0,0,0,0,1,0,"national power;system/ideology"
"297","Asia and Oceania",42023,"Vietnam (Montagnards)","intrastate",1958,1,1,1,1,1,1,0,0,0,0,0,0,1,0,"autonomy;system/ideology"
"298","Asia and Oceania",45001,"Vietnam (socioeconomic protests)","intrastate",1986,3,2,3,3,3,0,0,0,1,1,0,0,0,0,"other;resources"
"299","WANA",50049,"Afghanistan (Kuchi Nomads – Hazara)","substate",2007,3,1,1,3,1,0,0,0,0,1,0,1,0,0,"resources;subnational predominance"
"300","WANA",50064,"Afghanistan (Taliban et al.)","intrastate",1994,5,5,5,5,5,0,0,1,0,1,0,0,1,0,"national power;resources;system/ideology"
"301","WANA",51164,"Afghanistan – Pakistan","interstate",1949,3,3,3,3,3,0,1,0,0,0,0,0,0,1,"iternational power;territory"
"302","WANA",50062,"Algeria (Berbers / Kabylia)","intrastate",1963,2,2,2,3,3,1,0,0,0,0,0,0,1,0,"autonomy;system/ideology"
"303","WANA",50401,"Algeria (opposition)","intrastate",2011,3,3,3,3,3,0,0,1,0,0,0,0,1,0,"national power;system/ideology"
"304","WANA",50361,"Bahrain (opposition)","intrastate",1975,2,3,3,3,3,0,0,1,0,0,0,0,1,0,"national power;system/ideology"
"305","WANA",50402,"Egypt (Christians – Muslims)","substate",1952,3,3,3,3,3,0,0,0,0,0,0,1,0,0,"subnational predominance"
"306","WANA",50302,"Egypt (militant groups / Sinai Peninsula)","intrastate",2011,4,5,5,4,4,0,0,0,0,0,0,1,1,0,"subnational predominance;system/ideology"
"307","WANA",50042,"Egypt (opposition)","intrastate",1954,3,3,3,3,3,0,0,1,0,0,0,0,1,0,"national power;system/ideology"
"308","WANA",50016,"Egypt – Sudan","interstate",1958,1,1,1,2,1,0,0,0,0,1,0,0,0,1,"resources;territory"
"309","WANA",50010,"Iran (opposition)","intrastate",1993,3,3,3,3,3,0,0,1,0,0,0,0,1,0,"national power;system/ideology"
"310","WANA",51014,"Iran (PDKI et al.)","intrastate",1979,3,3,3,3,3,1,0,0,0,0,0,0,1,0,"autonomy;system/ideology"
"311","WANA",50011,"Iran (People's Mujahideen)","intrastate",1979,2,2,2,2,2,0,0,1,0,0,0,0,1,0,"national power;system/ideology"
"312","WANA",51013,"Iran (PJAK)","intrastate",1979,3,3,3,3,3,1,0,0,0,0,0,0,0,0,"autonomy"
"313","WANA",50033,"Iran (Sunni militant groups / Sistan Baluchistan)","intrastate",1979,3,3,3,3,3,1,0,0,0,0,0,0,0,0,"autonomy"
"314","WANA",50034,"Iran – Israel","interstate",1979,3,3,3,2,2,0,1,0,0,0,0,0,1,0,"iternational power;system/ideology"
"315","WANA",50333,"Iran – Saudi Arabia","interstate",1979,2,2,2,2,2,0,1,0,0,0,0,0,1,0,"iternational power;system/ideology"
"316","WANA",50009,"Iran – UAE","interstate",1971,2,1,1,1,1,0,0,0,0,0,0,0,0,1,"territory"
"317","WANA",50013,"Iran – USA","intrastate",1979,3,2,2,2,2,0,1,0,0,0,0,0,1,0,"iternational power;system/ideology"
"318","WANA",50403,"Iraq (KRG – opposition)","substate",2011,3,-99,-99,-99,-99,0,0,0,0,0,0,1,1,0,"subnational predominance;system/ideology"
"319","WANA",50040,"Iraq (Kurdistan Regional Government)","intrastate",1971,1,1,1,3,1,1,0,0,0,1,0,0,0,0,"autonomy;resources"
"320","WANA",50413,"Iraq (opposition)","intrastate",2011,3,4,3,1,1,0,0,1,0,0,0,0,1,0,"national power;system/ideology"
"321","WANA",50014,"Iraq (Shiite militant groups)","intrastate",2004,3,3,3,2,2,0,0,1,0,0,0,0,1,0,"national power;system/ideology"
"322","WANA",50041,"Israel (Hamas et al.)","intrastate",1988,3,4,4,3,3,0,0,0,0,1,1,0,0,0,"resources;secession"
"323","WANA",50015,"Israel (Hezbollah)","intrastate",1982,3,2,2,2,3,0,0,0,0,0,0,0,1,1,"system/ideology;territory"
"324","WANA",50028,"Israel – Lebanon","interstate",1948,3,2,3,2,2,0,1,0,0,0,0,0,0,1,"iternational power;territory"
"325","WANA",50121,"Israel – State of Palestine° (PNA)","intrastate",1948,3,3,3,3,3,0,0,0,0,1,1,0,1,0,"resources;secession;system/ideology"
"326","WANA",50242,"Israel – Syria","interstate",1948,3,3,3,3,3,0,1,0,0,1,0,0,0,1,"iternational power;resources;territory"
"327","WANA",50404,"Jordan (opposition)","intrastate",2011,3,3,3,1,2,0,0,0,0,0,0,0,1,0,"system/ideology"
"328","WANA",50414,"Kuwait (Bedouns)","intrastate",1959,1,1,1,2,1,0,0,0,1,0,0,0,0,0,"other"
"329","WANA",50418,"Kuwait (opposition)","intrastate",2011,1,1,1,1,1,0,0,1,0,0,0,0,1,0,"national power;system/ideology"
"330","WANA",50039,"Lebanon (Fatah al-Islam et al.)","intrastate",2006,1,2,2,3,2,0,0,0,0,0,0,0,1,0,"system/ideology"
"331","WANA",50052,"Lebanon (inner-Palestinian tensions)","substate",2006,1,3,3,3,3,0,0,0,0,0,0,1,0,0,"subnational predominance"
"332","WANA",51006,"Lebanon (Sunni militant groups)","intrastate",2014,3,2,3,4,3,0,0,0,0,0,0,1,1,0,"subnational predominance;system/ideology"
"333","WANA",51400,"Libya (inter-tribal rivalry)","substate",2012,3,4,4,3,3,0,0,0,0,1,0,1,0,0,"resources;subnational predominance"
"334","WANA",50405,"Libya (opposition)","intrastate",2011,5,5,5,5,5,0,0,1,0,1,0,0,1,0,"national power;resources;system/ideology"
"335","WANA",51152,"Mauritania (anti-slavery activists)","intrastate",2015,2,2,3,3,3,0,0,0,0,0,0,0,1,0,"system/ideology"
"336","WANA",50406,"Morocco (opposition)","intrastate",2011,2,3,3,3,3,0,0,0,0,0,0,0,1,0,"system/ideology"
"337","WANA",50063,"Morocco (POLISARIO / Western Sahara°)","intrastate",1975,3,2,2,3,3,0,0,0,0,0,1,0,0,0,"secession"
"338","WANA",50407,"Oman (opposition)","intrastate",2011,1,1,1,1,1,0,0,0,0,0,0,0,1,0,"system/ideology"
"339","WANA",50099,"Qatar – Saudi Arabia et al.","interstate",2017,1,1,1,2,0,0,1,0,0,0,0,0,0,0,"iternational power"
"340","WANA",50235,"Russia – Turkey","interstate",2013,3,2,-99,-99,2,0,1,0,0,1,0,0,0,0,"iternational power;resources"
"341","WANA",50125,"Saudi Arabia (opposition)","intrastate",1992,2,1,3,1,1,0,0,0,0,0,0,0,1,0,"system/ideology"
"342","WANA",50044,"Saudi Arabia (Shiites)","intrastate",1979,1,3,3,3,3,0,0,0,0,0,0,0,1,0,"system/ideology"
"343","WANA",54321,"Saudia Arabia, Yemen (AQAP)","transstate",1990,3,3,NA,NA,NA,0,0,0,0,0,0,0,1,0,"system/ideology"
"344","WANA",50031,"State of Palestine° (Hamas – al-Fatah)","intrastate",1994,2,2,2,1,1,0,0,0,0,0,0,1,0,0,"subnational predominance"
"345","WANA",50047,"State of Palestine° (Hamas – Salafi Groups)","intrastate",2007,2,3,3,3,2,0,0,0,0,0,0,1,0,0,"subnational predominance"
"346","WANA",50416,"Syria (FSA, Islamist groups – KSC / Kurdish regions)","substate",2012,1,2,3,3,3,0,0,0,0,1,0,1,0,0,"resources;subnational predominance"
"347","WANA",50051,"Syria (inter-opposition rivalry)","intrastate",2013,3,4,5,5,5,0,0,0,0,1,0,1,1,0,"resources;subnational predominance;system/ideology"
"348","WANA",50417,"Syria (Kurdish groups)","intrastate",1962,3,2,3,3,3,1,0,0,0,0,0,1,0,0,"autonomy;subnational predominance"
"349","WANA",50408,"Syria (opposition)","intrastate",2011,5,5,5,5,5,0,0,1,0,0,0,0,1,0,"national power;system/ideology"
"350","WANA",50050,"Syria (Turkey – SDF / Northern Syria)","intrastate",2018,3,5,5,0,0,1,0,0,0,0,0,1,0,0,"autonomy;subnational predominance"
"351","WANA",50026,"Syria – Turkey","interstate",1946,2,2,2,2,2,0,1,0,0,0,0,0,0,1,"iternational power;territory"
"352","WANA",50243,"Syria – USA","interstate",2003,2,2,3,3,2,0,1,0,0,0,0,0,1,0,"iternational power;system/ideology"
"353","WANA",50020,"Syria, Iraq et al. (IS)","transstate",2014,5,5,5,5,5,0,1,0,0,1,0,0,1,0,"iternational power;resources;system/ideology"
"354","WANA",50409,"Tunisia (opposition)","intrastate",2010,3,3,3,3,3,0,0,0,0,0,0,0,1,0,"system/ideology"
"355","WANA",50055,"Turkey (opposition)","intrastate",2013,1,1,2,2,4,0,0,1,0,0,0,0,1,0,"national power;system/ideology"
"356","WANA",50241,"Turkey (PKK, TAK)","intrastate",1978,5,5,5,4,5,1,0,0,0,0,0,0,0,0,"autonomy"
"357","WANA",50045,"Yemen (al-Hirak / Southern Yemen)","intrastate",2007,5,3,3,2,2,0,0,0,0,0,1,0,0,0,"secession"
"358","WANA",50412,"Yemen (AQAP – al-Houthi forces)","substate",2010,3,3,3,3,3,0,0,0,0,0,0,1,1,0,"subnational predominance;system/ideology"
"359","WANA",50023,"Yemen, Saudi Arabia (al-Houthi forces)","transstate",2004,5,5,5,5,5,0,0,1,0,0,0,0,0,0,"national power"
